/*
 Navicat Premium Data Transfer

 Source Server         : Maclocal
 Source Server Type    : MySQL
 Source Server Version : 50723
 Source Host           : localhost:3306
 Source Schema         : nav_test

 Target Server Type    : MySQL
 Target Server Version : 50723
 File Encoding         : 65001

 Date: 29/12/2021 15:34:13
*/

SET NAMES utf8mb4;
SET FOREIGN_KEY_CHECKS = 0;

-- ----------------------------
-- Table structure for nav_logo
-- ----------------------------
DROP TABLE IF EXISTS `nav_logo`;
CREATE TABLE `nav_logo` (
  `logo_id` int(11) NOT NULL AUTO_INCREMENT,
  `logo_src` varchar(255) DEFAULT NULL,
  `site_name` varchar(255) DEFAULT NULL,
  PRIMARY KEY (`logo_id`) USING BTREE,
  KEY `logoIndex` (`logo_id`) USING BTREE
) ENGINE=InnoDB AUTO_INCREMENT=1262 DEFAULT CHARSET=utf8;

-- ----------------------------
-- Records of nav_logo
-- ----------------------------
BEGIN;
INSERT INTO `nav_logo` VALUES (1, 'https://github.githubassets.com/favicon.ico', 'Github');
INSERT INTO `nav_logo` VALUES (2, 'https://static.xx.fbcdn.net/rsrc.php/yo/r/iRmz9lCMBD2.ico', 'FaceBook');
INSERT INTO `nav_logo` VALUES (3, 'https://abs.twimg.com/favicons/favicon.ico', NULL);
INSERT INTO `nav_logo` VALUES (4, 'https://www.taobao.com/favicon.ico', '淘宝');
INSERT INTO `nav_logo` VALUES (5, '//www.jd.com/favicon.ico', '京东');
INSERT INTO `nav_logo` VALUES (6, 'https://raw.githubusercontent.com/yifoo/img-cloud/master/img/gitlab.png', 'Gitlab');
INSERT INTO `nav_logo` VALUES (7, 'https://gitee.com/favicon.ico', 'Gitee');
INSERT INTO `nav_logo` VALUES (8, 'https://dn-coding-net-production-static.qbox.me/platform/favicon.ico', NULL);
INSERT INTO `nav_logo` VALUES (9, 'https://mp.weixin.qq.com/favicon.ico', '微信公众号');
INSERT INTO `nav_logo` VALUES (10, 'https://favicon.yandex.net/favicon/gitbook.com', NULL);
INSERT INTO `nav_logo` VALUES (11, 'https://raw.githubusercontent.com/yifoo/img-cloud/master/img/west.ico', '西部数码');
INSERT INTO `nav_logo` VALUES (12, '//g.alicdn.com/aliyun/account/1.5.4/css/images/favicon-32.png', '阿里云');
INSERT INTO `nav_logo` VALUES (13, 'https://pan.baidu.com/static/images/favicon.ico', '百度网盘');
INSERT INTO `nav_logo` VALUES (14, '//fanyi.baidu.com/favicon.ico', '百度翻译');
INSERT INTO `nav_logo` VALUES (15, 'https://translate.google.cn/favicon.ico', '谷歌翻译');
INSERT INTO `nav_logo` VALUES (16, 'https://map.baidu.com/favicon.ico', '百度地图');
INSERT INTO `nav_logo` VALUES (17, 'https://map.qq.com/favicon.ico', '腾讯地图');
INSERT INTO `nav_logo` VALUES (18, 'https://kyfw.12306.cn/otn/resources/images/ots/favicon.ico', '火车票');
INSERT INTO `nav_logo` VALUES (19, '//www.boohee.com/favicon.ico', '薄荷网');
INSERT INTO `nav_logo` VALUES (20, 'https://i.mi.com/favicon.ico', '小米云');
INSERT INTO `nav_logo` VALUES (21, '//gtms04.alicdn.com/tps/i4/TB1_oz6GVXXXXaFXpXXJDFnIXXX-64-64.ico', '阿里图标');
INSERT INTO `nav_logo` VALUES (22, '//www.amazon.cn/favicon.ico', NULL);
INSERT INTO `nav_logo` VALUES (23, 'https://search.chongbuluo.com/favicon.ico', '虫部落');
INSERT INTO `nav_logo` VALUES (24, 'http://www.soopat.com.cn/favicon.ico', 'SooPAT');
INSERT INTO `nav_logo` VALUES (25, 'https://raw.githubusercontent.com/yifoo/img-cloud/master/img/blankico.jpg', '首都图书馆');
INSERT INTO `nav_logo` VALUES (26, 'https://www.duxiu.com/favicon.ico', '读 秀');
INSERT INTO `nav_logo` VALUES (27, 'http://webres.medlive.cn/favicon.ico', 'PubMed');
INSERT INTO `nav_logo` VALUES (28, 'http://medicaldb.haoyisheng.com/medicaldb/favicon.ico', '医学数据库');
INSERT INTO `nav_logo` VALUES (29, 'https://www.easy-mock.com/favicon.ico', 'EasyMock');
INSERT INTO `nav_logo` VALUES (30, 'https://raw.githubusercontent.com/yifoo/img-cloud/master/img/chinaz.ico', 'SEO查询');
INSERT INTO `nav_logo` VALUES (31, 'https://www.fundebug.com/favicon.ico', NULL);
INSERT INTO `nav_logo` VALUES (32, 'https://www.17ce.com/favicon.ico', NULL);
INSERT INTO `nav_logo` VALUES (33, 'http://www.sioe.cn/favicon.ico', 'RGB颜色');
INSERT INTO `nav_logo` VALUES (34, '//www.suning.com/favicon.ico', '苏宁易购');
INSERT INTO `nav_logo` VALUES (35, 'https://www.gome.com.cn/favicon.ico', NULL);
INSERT INTO `nav_logo` VALUES (36, '//58.com/favicon.ico', '58同城');
INSERT INTO `nav_logo` VALUES (37, '//www.meituan.com/favicon.ico', NULL);
INSERT INTO `nav_logo` VALUES (38, 'http://www.dpfile.com/app/pc-common/dp_favicon.a4af753914321c8e82e402e2b4be01d7.ico', '大众点评');
INSERT INTO `nav_logo` VALUES (39, 'https://static.guahao.cn/favicon.ico', '挂号网');
INSERT INTO `nav_logo` VALUES (40, '//www.fang.com/favicon.ico', NULL);
INSERT INTO `nav_logo` VALUES (41, 'https://pages.anjukestatic.com/usersite/site/img/global/1/favicon.ico', NULL);
INSERT INTO `nav_logo` VALUES (42, 'https://g.alicdn.com/ju/common/1.3.6/favicon.ico', NULL);
INSERT INTO `nav_logo` VALUES (43, 'http://app-file.beitaichufang.com/img/H5/web/btcf-logo.ico', '贝太厨房');
INSERT INTO `nav_logo` VALUES (44, '//www.xiachufang.com/favicon.ico', NULL);
INSERT INTO `nav_logo` VALUES (45, '//www.haodou.com/favicon.ico', NULL);
INSERT INTO `nav_logo` VALUES (46, 'https://cp1.douguo.com/static/nweb/images/favicon.ico', '豆果美食');
INSERT INTO `nav_logo` VALUES (47, 'https://static.meishichina.com/v6/img/lib/f.ico', '美食天下');
INSERT INTO `nav_logo` VALUES (48, 'http://www.lingshikong.com/favicon.ico', '零食控');
INSERT INTO `nav_logo` VALUES (49, 'http://ceechoo.com/wp-content/uploads/2015/12/cropped-logo-ony3-32x32.png', '西  厨');
INSERT INTO `nav_logo` VALUES (50, 'http://www.canyin88.com/favicon.ico', '红餐网');
INSERT INTO `nav_logo` VALUES (51, 'https://tb1.bdstatic.com/tb/favicon.ico', NULL);
INSERT INTO `nav_logo` VALUES (52, 'https://www.jianshu.com/favicon.ico', NULL);
INSERT INTO `nav_logo` VALUES (53, '//www.ifeng.com/favicon.ico', NULL);
INSERT INTO `nav_logo` VALUES (54, 'https://weibo.com/favicon.ico', NULL);
INSERT INTO `nav_logo` VALUES (55, 'https://www.sina.com.cn/favicon.ico', NULL);
INSERT INTO `nav_logo` VALUES (56, '//www.qq.com/favicon.ico', NULL);
INSERT INTO `nav_logo` VALUES (57, '//www.163.com/favicon.ico', NULL);
INSERT INTO `nav_logo` VALUES (58, 'https://assets.tumblr.com/images/favicons/favicon.ico', NULL);
INSERT INTO `nav_logo` VALUES (59, 'https://favicon.yandex.net/favicon/cntv.cn', NULL);
INSERT INTO `nav_logo` VALUES (60, 'https://www.thepaper.cn/favicon.ico', NULL);
INSERT INTO `nav_logo` VALUES (61, 'https://favicon.yandex.net/favicon/ddl.escience.cn', NULL);
INSERT INTO `nav_logo` VALUES (62, 'https://s.zbjimg.com/img/favicon.ico', NULL);
INSERT INTO `nav_logo` VALUES (63, 'https://favicon.yandex.net/favicon/sohu.com', '搜狐网');
INSERT INTO `nav_logo` VALUES (64, 'https://lh3.googleusercontent.com/J6_coFbogxhRI9iM864NL_liGXvsQp2AupsKei7z0cNNfDvGUmWUy20nuUhkREQyrpY4bEeIBuc=w24', NULL);
INSERT INTO `nav_logo` VALUES (65, 'https://enjoy.ricebook.com/./static/images/fav.ico', 'EnJoy');
INSERT INTO `nav_logo` VALUES (66, 'https://www.patexplorer.com/images/favicon.png', '佰腾专利');
INSERT INTO `nav_logo` VALUES (67, 'https://tinypng.com/images/favicon.ico', 'TinyPng');
INSERT INTO `nav_logo` VALUES (68, 'https://favicon.yandex.net/favicon/tmtpost.com', '钛媒体');
INSERT INTO `nav_logo` VALUES (70, 'https://www.ifanr.com/favicon.ico', '爱范儿');
INSERT INTO `nav_logo` VALUES (71, 'https://favicon.yandex.net/favicon/fex.baidu.com', '百度FEX');
INSERT INTO `nav_logo` VALUES (72, 'https://lzw.me/favicon.ico', '志文工作室');
INSERT INTO `nav_logo` VALUES (73, 'https://favicon.yandex.net/favicon/ruanyifeng.com', '阮一峰');
INSERT INTO `nav_logo` VALUES (74, 'https://www.liaoxuefeng.com/favicon.ico', '廖雪峰');
INSERT INTO `nav_logo` VALUES (75, 'https://www.zhangxinxu.com/favicon.ico', '张鑫旭');
INSERT INTO `nav_logo` VALUES (76, 'https://raw.githubusercontent.com/yifoo/img-cloud/master/img/blankico.jpg', '技术胖');
INSERT INTO `nav_logo` VALUES (77, 'https://favicon.yandex.net/favicon/cnblogs.com', '司徒正美');
INSERT INTO `nav_logo` VALUES (78, 'https://favicon.yandex.net/favicon/cnblogs.com', 'winter');
INSERT INTO `nav_logo` VALUES (79, 'https://favicon.yandex.net/favicon/caibaojian.com', '前端日报');
INSERT INTO `nav_logo` VALUES (80, 'https://www.ctolib.com/favicon.ico', 'Lib库');
INSERT INTO `nav_logo` VALUES (81, 'https://www.awesomes.cn/favicon.ico', '前端库');
INSERT INTO `nav_logo` VALUES (82, 'http://s1.techweb.com.cn/static/newtwhome/images/favicon.ico', 'TechWeb');
INSERT INTO `nav_logo` VALUES (83, 'https://www.cnbeta.com/favicon.ico', 'CnBeta');
INSERT INTO `nav_logo` VALUES (84, 'https://favicon.yandex.net/favicon/williamlong.info', '月光博客');
INSERT INTO `nav_logo` VALUES (85, 'https://static0.tuicool.com/favicon.ico', '推酷');
INSERT INTO `nav_logo` VALUES (86, 'https://favicon.yandex.net/favicon/infoq.com', 'InfoQ');
INSERT INTO `nav_logo` VALUES (87, 'https://favicon.yandex.net/favicon/songshuhui.net', '科学松鼠会');
INSERT INTO `nav_logo` VALUES (88, 'https://36kr.com/favicon.ico', '36氪');
INSERT INTO `nav_logo` VALUES (89, 'https://s.blogsmithmedia.com/cn.engadget.com/assets-h0cce429a01f7b01afc5dfb1f2f199f35/images/favicon-16x16.png?h=288a0831497b5dbbde1fdb670dc8a62c', 'Engadget');
INSERT INTO `nav_logo` VALUES (90, 'https://www.zoulang.com/images/favicon.ico', '走廊');
INSERT INTO `nav_logo` VALUES (91, 'https://www.douban.com/favicon.ico', '豆  瓣');
INSERT INTO `nav_logo` VALUES (92, 'https://favicon.yandex.net/favicon/xinli001.com', '壹心理');
INSERT INTO `nav_logo` VALUES (93, 'http://g.yeeyan.com/favicon.ico', '译言网');
INSERT INTO `nav_logo` VALUES (94, 'https://www.duwanjuan.cn/favicon.ico', '酱香韭菜园');
INSERT INTO `nav_logo` VALUES (96, 'https://icon.zol-img.com.cn/favicon.ico', '中关村ZOL');
INSERT INTO `nav_logo` VALUES (97, 'https://www.wolege.com/favicon.ico', '我勒个');
INSERT INTO `nav_logo` VALUES (98, 'https://favicon.yandex.net/favicon/jandan.net', '煎蛋');
INSERT INTO `nav_logo` VALUES (99, 'https://favicon.yandex.net/favicon/ideaest.com', '创意栖息');
INSERT INTO `nav_logo` VALUES (100, 'https://favicon.yandex.net/favicon/ixiqi.com', '爱稀奇');
INSERT INTO `nav_logo` VALUES (101, 'https://favicon.yandex.net/favicon/cn.epubee.com', 'EpuBee');
INSERT INTO `nav_logo` VALUES (102, 'https://favicon.yandex.net/favicon/pdfdrive.net', 'PDFdrive');
INSERT INTO `nav_logo` VALUES (103, 'https://favicon.yandex.net/favicon/booksee.org', 'Booksee');
INSERT INTO `nav_logo` VALUES (104, 'https://favicon.yandex.net/favicon/it-ebooks.info', 'itEbooks');
INSERT INTO `nav_logo` VALUES (105, 'http://gen.lib.rus.ec/favicon.ico', 'Library');
INSERT INTO `nav_logo` VALUES (106, 'https://favicon.yandex.net/favicon/bookask.com', '书问搜索');
INSERT INTO `nav_logo` VALUES (107, 'https://www.jiumodiary.com/images/favicon.png', '鸠摩搜书');
INSERT INTO `nav_logo` VALUES (108, 'https://raw.githubusercontent.com/yifoo/img-cloud/master/img/blankico.jpg', '读书小站');
INSERT INTO `nav_logo` VALUES (110, 'https://raw.githubusercontent.com/yifoo/img-cloud/master/img/blankico.jpg', '蚂蚁搬书');
INSERT INTO `nav_logo` VALUES (111, 'https://favicon.yandex.net/favicon/haoshu100.com', '浩书意百');
INSERT INTO `nav_logo` VALUES (112, 'https://raw.githubusercontent.com/yifoo/img-cloud/master/img/blankico.jpg', '战隼学习');
INSERT INTO `nav_logo` VALUES (113, 'https://favicon.yandex.net/favicon/zreading.cn', '左岸读书');
INSERT INTO `nav_logo` VALUES (114, 'https://favicon.yandex.net/favicon/zoudupai.com', '走读派');
INSERT INTO `nav_logo` VALUES (115, 'https://bookfere.com/favicon.ico', '书 伴');
INSERT INTO `nav_logo` VALUES (116, 'https://favicon.yandex.net/favicon/haodoo.net', '好 读');
INSERT INTO `nav_logo` VALUES (117, 'https://favicon.yandex.net/favicon/magazinelib.com', 'Magazine');
INSERT INTO `nav_logo` VALUES (118, 'https://favicon.yandex.net/favicon/pdfzj.com', 'PDF之家');
INSERT INTO `nav_logo` VALUES (119, 'http://www.ifblue.net/favicon.ico', '若蓝格');
INSERT INTO `nav_logo` VALUES (120, 'https://favicon.yandex.net/favicon/zoupan.com', '走盘');
INSERT INTO `nav_logo` VALUES (121, 'https://www.52dzxy.com/favicon.ico', '读者');
INSERT INTO `nav_logo` VALUES (122, 'https://favicon.yandex.net/favicon/92yilin.com', '意林');
INSERT INTO `nav_logo` VALUES (123, 'http://www.92gushi.com/favicon.ico', '故事会');
INSERT INTO `nav_logo` VALUES (124, 'https://favicon.yandex.net/favicon/youtube.com', 'YouTube');
INSERT INTO `nav_logo` VALUES (125, 'https://img.mgtv.com/imgotv-channel/5.9.7/pcweb-head/ios-fav.png', '芒果TV');
INSERT INTO `nav_logo` VALUES (126, '//v.qq.com/favicon.ico', '腾讯视频');
INSERT INTO `nav_logo` VALUES (127, '//gw.alicdn.com/tfs/TB1ZvwSycbpK1RjSZFyXXX_qFXa-48-48.ico', '优 酷');
INSERT INTO `nav_logo` VALUES (128, 'http://www.tudou.com/favicon.ico', '土 豆');
INSERT INTO `nav_logo` VALUES (129, 'https://tv.sohu.com/favicon.ico', '搜狐视频');
INSERT INTO `nav_logo` VALUES (130, 'http://www.cctv.com/favicon.ico', '央视网');
INSERT INTO `nav_logo` VALUES (131, 'https://www.iqiyi.com/apple-touch-icon-114x114-precomposed.png', '爱奇艺');
INSERT INTO `nav_logo` VALUES (132, 'https://favicon.yandex.net/favicon/imweb.io', '腾讯Web');
INSERT INTO `nav_logo` VALUES (133, 'https://ssl.gstatic.com/pantheon/images/favicon/default.png', '谷歌云');
INSERT INTO `nav_logo` VALUES (134, 'https://www.duitang.com/favicon.ico', '堆  糖');
INSERT INTO `nav_logo` VALUES (135, 'http://static.huashichang.com/image/favicon.ico', '护花网');
INSERT INTO `nav_logo` VALUES (136, 'https://huaban.com/favicon.ico', '花瓣网');
INSERT INTO `nav_logo` VALUES (137, 'https://favicon.yandex.net/favicon/imanpin.com', '慢品网');
INSERT INTO `nav_logo` VALUES (138, 'https://www.zw3e.com/favicon.ico', '植物之家');
INSERT INTO `nav_logo` VALUES (139, 'https://favicon.yandex.net/favicon/lvye.cn', '绿野户外');
INSERT INTO `nav_logo` VALUES (140, 'https://static.qyer.com/images/favicon.ico', '穷游网');
INSERT INTO `nav_logo` VALUES (141, 'https://favicon.yandex.net/favicon/jingcity.com', '京城网');
INSERT INTO `nav_logo` VALUES (143, 'https://raw.githubusercontent.com/yifoo/img-cloud/master/img/google.ico', 'Google');
INSERT INTO `nav_logo` VALUES (144, 'https://www.imooc.com/favicon.ico', '慕课网');
INSERT INTO `nav_logo` VALUES (145, 'http://yixi.tv/static/website/images/bitbug_favicon.ico', '一 席');
INSERT INTO `nav_logo` VALUES (146, 'https://favicon.yandex.net/favicon/duososo.com', '多搜搜');
INSERT INTO `nav_logo` VALUES (147, 'https://y.qq.com/favicon.ico', 'QQ音乐');
INSERT INTO `nav_logo` VALUES (148, 'https://douban.fm/favicon.ico', '豆瓣FM');
INSERT INTO `nav_logo` VALUES (149, '//8.url.cn/edu/edu_modules/edu-ui/img/nohash/favicon.ico', '腾讯课堂');
INSERT INTO `nav_logo` VALUES (150, 'https://favicon.yandex.net/favicon/study.163.com', '网易云课堂');
INSERT INTO `nav_logo` VALUES (151, 'https://favicon.yandex.net/favicon/runoob.com', '菜鸟教程');
INSERT INTO `nav_logo` VALUES (152, 'https://www.nowcoder.com/favicon.ico', '牛客网');
INSERT INTO `nav_logo` VALUES (153, 'https://static.leetcode-cn.com/cn-assets/icons/favicon-16x16.png', 'Leetcode');
INSERT INTO `nav_logo` VALUES (154, 'https://jsrun.net/res/favicon.ico', 'JSRun');
INSERT INTO `nav_logo` VALUES (155, 'https://favicon.yandex.net/favicon/reabble.com', 'Reabble');
INSERT INTO `nav_logo` VALUES (156, '//pub-static.haozhaopian.net/static/web/share/images/LOGO.png', 'Fotor');
INSERT INTO `nav_logo` VALUES (157, 'http://www.peise.net/favicon.ico', '配色设计');
INSERT INTO `nav_logo` VALUES (158, 'https://ppj.io/favicon.ico', 'PP匠');
INSERT INTO `nav_logo` VALUES (159, 'https://favicon.yandex.net/favicon/zhongguose.com', '中国色');
INSERT INTO `nav_logo` VALUES (160, 'https://www.islide.cc/favicon.ico', 'iSlide');
INSERT INTO `nav_logo` VALUES (161, 'https://cn.office-converter.com/images/favicon.ico', '文件转换器');
INSERT INTO `nav_logo` VALUES (162, 'https://index.baidu.com/favicon.ico', '百度指数');
INSERT INTO `nav_logo` VALUES (163, 'https://favicon.yandex.net/favicon/data.weibo.com', '微报告');
INSERT INTO `nav_logo` VALUES (164, 'https://www.newrank.cn/favicon.ico', '新 榜');
INSERT INTO `nav_logo` VALUES (165, 'https://top.baidu.com/favicon.ico', '百度风云榜');
INSERT INTO `nav_logo` VALUES (166, 'https://favicon.yandex.net/favicon/cbooo.cn', '中国票房');
INSERT INTO `nav_logo` VALUES (167, 'https://trends.so.com/favicon.ico', '360趋势');
INSERT INTO `nav_logo` VALUES (168, '//img00.zhaopin.cn/new2011/images/ie9.ico', '智联招聘');
INSERT INTO `nav_logo` VALUES (169, 'http://www.51job.com/favicon.ico', '前程无忧');
INSERT INTO `nav_logo` VALUES (170, 'https://www.zhipin.com/favicon.ico', 'BOSS直聘');
INSERT INTO `nav_logo` VALUES (171, '//www.lgstatic.com/www/static/common/static/favicon_faed927.ico', '拉勾网');
INSERT INTO `nav_logo` VALUES (172, '//concat.lietou-static.com/fe-www-pc/v5/static/favicon.ba1ac58f.ico', '猎聘网');
INSERT INTO `nav_logo` VALUES (173, 'https://juejin.im/favicon.ico', '掘金');
INSERT INTO `nav_logo` VALUES (174, 'https://segmentfault.com/favicon.ico', '思 否');
INSERT INTO `nav_logo` VALUES (175, 'https://www.qdfuns.com/favicon.ico', '前端网');
INSERT INTO `nav_logo` VALUES (176, 'https://www.v2ex.com/static/img/icon_rayps_64.png', 'V2EX');
INSERT INTO `nav_logo` VALUES (177, 'https://favicon.yandex.net/favicon/bslxx.com', '奔三路');
INSERT INTO `nav_logo` VALUES (178, 'https://static.codepen.io/assets/favicon/favicon-aec34940fbc1a6e787974dcd360f2c6b63348d4b1f4e06c77743096d55480f33.ico', 'CodePen');
INSERT INTO `nav_logo` VALUES (179, 'https://www.w3cplus.com/sites/all/themes/w3cplusV2/favicon.ico', 'W3CPlus');
INSERT INTO `nav_logo` VALUES (180, 'https://www.zhihu.com/favicon.ico', '知 乎');
INSERT INTO `nav_logo` VALUES (181, 'https://www.guokr.com/favicon.ico', '果 壳');
INSERT INTO `nav_logo` VALUES (182, 'https://cdn.sstatic.net/Sites/stackexchange/img/favicon.ico', 'StackEx');
INSERT INTO `nav_logo` VALUES (183, 'https://favicon.yandex.net/favicon/getideas.io', 'GetIdeas');
INSERT INTO `nav_logo` VALUES (184, 'https://favicon.yandex.net/favicon/quora.com', 'Quora');
INSERT INTO `nav_logo` VALUES (185, 'https://zh.wikihow.com/favicon.ico', 'WikiHow');
INSERT INTO `nav_logo` VALUES (186, 'http://www.199it.com/favicon.ico', '199IT');
INSERT INTO `nav_logo` VALUES (187, 'https://favicon.yandex.net/favicon/re.qq.com', '企鹅智库');
INSERT INTO `nav_logo` VALUES (188, 'https://www.analysys.cn/favicon.ico', '易 观');
INSERT INTO `nav_logo` VALUES (189, 'https://favicon.yandex.net/favicon/data.qq.com', '腾讯大数据');
INSERT INTO `nav_logo` VALUES (190, 'http://www.iresearch.cn/include/public/images/favicon.ico', '艾瑞网');
INSERT INTO `nav_logo` VALUES (191, 'https://www.afenxi.com/wp-content/uploads/2017060700250750.ico', '大数据导航');
INSERT INTO `nav_logo` VALUES (192, 'http://www.syntun.com.cn/favicon.ico', '星图数据');
INSERT INTO `nav_logo` VALUES (193, 'https://www.iyiou.com/favicon.ico', '亿欧网');
INSERT INTO `nav_logo` VALUES (194, 'https://www.pedaily.cn/favicon.ico', '投资界');
INSERT INTO `nav_logo` VALUES (195, 'http://image.woshipm.com/favicon.ico', '产品经理');
INSERT INTO `nav_logo` VALUES (196, 'http://www.sino-manager.com/favicon.ico', '经理人');
INSERT INTO `nav_logo` VALUES (197, 'http://www.ceconline.com/favicon.ico', '世界经理人');
INSERT INTO `nav_logo` VALUES (198, 'http://www.chanpin100.com/favicon.ico', '产品壹佰');
INSERT INTO `nav_logo` VALUES (199, 'http://www.ikanchai.com/favicon.ico', '砍柴网');
INSERT INTO `nav_logo` VALUES (200, 'https://static.pedaily.cn/app/newseed/favicon.ico', '新芽网');
INSERT INTO `nav_logo` VALUES (201, 'https://www.shaoziketang.com/favicon.ico', '勺子课堂');
INSERT INTO `nav_logo` VALUES (202, 'http://www.linkshop.com.cn/favicon.ico', '联商网');
INSERT INTO `nav_logo` VALUES (203, 'https://favicon.yandex.net/favicon/iimedia.cn', '艾媒网');
INSERT INTO `nav_logo` VALUES (204, 'https://favicon.yandex.net/favicon/down.foodmate.net', '食品标准');
INSERT INTO `nav_logo` VALUES (205, 'https://favicon.yandex.net/favicon/down.foodmate.net', '食品伙伴网');
INSERT INTO `nav_logo` VALUES (206, 'https://favicon.yandex.net/favicon/decodingdelicious.com', '美食解码');
INSERT INTO `nav_logo` VALUES (207, 'https://favicon.yandex.net/favicon/365xiaochi.net', '365小吃');
INSERT INTO `nav_logo` VALUES (208, 'https://favicon.yandex.net/favicon/tech-food.com', '食品科技网');
INSERT INTO `nav_logo` VALUES (209, 'http://www.foodaily.com/favicon.ico', '每日食品网');
INSERT INTO `nav_logo` VALUES (210, 'http://www.capinno.com/favicon.ico', 'Capinno创');
INSERT INTO `nav_logo` VALUES (211, 'https://favicon.yandex.net/favicon/mintel.com', 'MinTel');
INSERT INTO `nav_logo` VALUES (212, 'https://www.foodingredientsfirst.com/favicon.ico', '食品配料');
INSERT INTO `nav_logo` VALUES (213, 'https://favicon.yandex.net/favicon/plantphoto.cn', '植物图像库');
INSERT INTO `nav_logo` VALUES (214, 'http://www.food-info.net/favicon.ico', 'Food-Info');
INSERT INTO `nav_logo` VALUES (215, 'https://www.pinterest.com/favicon.ico', 'Pinterest');
INSERT INTO `nav_logo` VALUES (216, 'https://favicon.yandex.net/favicon/cnfoodsafety.com', '食安中国');
INSERT INTO `nav_logo` VALUES (217, 'http://www.cnagri.com/favicon.ico', '艾格农业');
INSERT INTO `nav_logo` VALUES (218, 'http://www.vegnet.com.cn/favicon.ico', '中国蔬菜网');
INSERT INTO `nav_logo` VALUES (219, '//c.open.163.com/favicon.ico', '网易公开课');
INSERT INTO `nav_logo` VALUES (220, 'https://zh-hans.khanacademy.org/favicon.ico', '可汗学院');
INSERT INTO `nav_logo` VALUES (221, 'https://www.jisuanke.com/favicon.ico', '计蒜客');
INSERT INTO `nav_logo` VALUES (222, 'https://www.vocabulary.com/favicon.ico', 'Vocabulary');
INSERT INTO `nav_logo` VALUES (223, 'https://favicon.yandex.net/favicon/youmi.cn', '优 米');
INSERT INTO `nav_logo` VALUES (224, 'https://favicon.yandex.net/favicon/howzhi.com', '好知网');
INSERT INTO `nav_logo` VALUES (225, 'https://favicon.yandex.net/favicon/haoxue.com', '好学网');
INSERT INTO `nav_logo` VALUES (226, 'https://www.shiyanlou.com/favicon.ico', '实验楼');
INSERT INTO `nav_logo` VALUES (227, 'https://favicon.yandex.net/favicon/duobei.com', '多 贝');
INSERT INTO `nav_logo` VALUES (228, 'https://favicon.yandex.net/favicon/51zxw.net/', '51自学');
INSERT INTO `nav_logo` VALUES (229, 'https://favicon.yandex.net/favicon/gogoup.com', '高高手');
INSERT INTO `nav_logo` VALUES (230, 'https://favicon.yandex.net/favicon/hjenglish.com', '沪江英语');
INSERT INTO `nav_logo` VALUES (231, 'https://favicon.yandex.net/favicon/xidong.net', '西 东');
INSERT INTO `nav_logo` VALUES (232, '//assets.dxycdn.com/app/bbs/favicon@2x.ico', '丁香园');
INSERT INTO `nav_logo` VALUES (233, 'https://www.ncbi.nlm.nih.gov/favicon.ico', 'PubMed');
INSERT INTO `nav_logo` VALUES (234, 'https://favicon.yandex.net/favicon/haodf.com', '好大夫');
INSERT INTO `nav_logo` VALUES (235, 'https://www.drmed.cn/favicon.ico', '医博士');
INSERT INTO `nav_logo` VALUES (236, 'https://www.med126.com/favicon.ico', '药品说明书');
INSERT INTO `nav_logo` VALUES (237, 'http://www.39kf.com/favicon.ico', '医学百科');
INSERT INTO `nav_logo` VALUES (238, 'https://favicon.yandex.net/favicon/39.net', '39健康');
INSERT INTO `nav_logo` VALUES (239, 'http://static1.mtime.cn/favicon.ico', 'Mtime');
INSERT INTO `nav_logo` VALUES (240, 'http://www.xzwyu.com/favicon.ico', '行者物语');
INSERT INTO `nav_logo` VALUES (241, 'https://www.bilibili.com/favicon.ico', 'Bilibili');
INSERT INTO `nav_logo` VALUES (242, 'http://www.zmz2019.com/favicon.ico', 'YYeTs');
INSERT INTO `nav_logo` VALUES (243, 'https://www.meijutt.com/favicon.ico', '美剧天堂');
INSERT INTO `nav_logo` VALUES (244, 'https://favicon.yandex.net/favicon/oabt004.com', 'MAG磁力');
INSERT INTO `nav_logo` VALUES (245, 'https://favicon.yandex.net/favicon/dbfansub.com', '电波字幕');
INSERT INTO `nav_logo` VALUES (246, 'http://www.hzou.net/favicon.ico', '红嘴鸥');
INSERT INTO `nav_logo` VALUES (247, 'http://www.app-echo.com/favicon.ico', 'echo回声');
INSERT INTO `nav_logo` VALUES (248, 'http://www.yuesir.com/ipu/favicon.ico', '爱乐谱');
INSERT INTO `nav_logo` VALUES (249, 'https://favicon.yandex.net/favicon/assrt.net', '射手网');
INSERT INTO `nav_logo` VALUES (250, 'https://www.52pojie.cn/favicon.ico', '吾爱破解');
INSERT INTO `nav_logo` VALUES (251, 'https://www.mpyit.com/favicon.ico', '殁漂遥');
INSERT INTO `nav_logo` VALUES (252, 'https://favicon.yandex.net/favicon/zdfans.com', 'zd423');
INSERT INTO `nav_logo` VALUES (253, 'https://www.repaik.com/favicon.ico', '睿派克');
INSERT INTO `nav_logo` VALUES (254, 'http://r.virscan.org/favicon.ico', 'VirSCAN');
INSERT INTO `nav_logo` VALUES (255, 'https://www.inpandora.com/wp-content/themes/pdr-pro/images/favicon.ico', '潘多拉盒子');
INSERT INTO `nav_logo` VALUES (256, 'https://www.rkdot.com/wordpress/wp-content/uploads/2016/08/favicon.ico', '软 矿');
INSERT INTO `nav_logo` VALUES (257, 'http://www.ifunmac.com/favicon2014.ico', '玩转苹果');
INSERT INTO `nav_logo` VALUES (258, 'https://www.waitsun.com/favicon.ico', '爱情守望者');
INSERT INTO `nav_logo` VALUES (259, '//www.macbed.com/favicon.ico', 'AppKed');
INSERT INTO `nav_logo` VALUES (260, 'http://www.maczapp.com/favicon.ico', '苹果软件园');
INSERT INTO `nav_logo` VALUES (261, 'https://softasm.co/wp-content/uploads/2017/03/cropped-1488540729_cloud-download-32x32.png', 'SoftAsm');
INSERT INTO `nav_logo` VALUES (262, 'https://links.tickstep.com/favicon.ico', '链刻精选');
INSERT INTO `nav_logo` VALUES (263, 'http://www.pcbeta.com/favicon.ico', '远景论坛');
INSERT INTO `nav_logo` VALUES (264, 'https://img3.appinn.net/static/wp-content/uploads/cropped-Appinn-icon-512-32x32.png', '小众软件');
INSERT INTO `nav_logo` VALUES (265, 'https://www.chinapyg.com/favicon.ico', '飘云阁');
INSERT INTO `nav_logo` VALUES (266, 'https://favicon.yandex.net/favicon/itreping.com', 'IT热评');
INSERT INTO `nav_logo` VALUES (267, 'https://xbeta.info/favicon.ico', '善用佳软');
INSERT INTO `nav_logo` VALUES (268, 'https://www.anxz.com/favicon.ico', '安下载');
INSERT INTO `nav_logo` VALUES (269, 'https://favicon.yandex.net/favicon/msdn.itellyou.cn/', '微软软件');
INSERT INTO `nav_logo` VALUES (270, 'http://www.seekbio.com/favicon.ico', '生物软件园');
INSERT INTO `nav_logo` VALUES (271, 'https://www.iplaysoft.com/favicon.ico', '异次元');
INSERT INTO `nav_logo` VALUES (272, 'http://www.itopdog.cn/favicon.ico', '软件盒子');
INSERT INTO `nav_logo` VALUES (274, 'http://static.zuimeia.com/product/img/favicon.ico', '最美应用');
INSERT INTO `nav_logo` VALUES (275, 'https://www.wandoujia.com/favicon.ico', '豌豆荚设计');
INSERT INTO `nav_logo` VALUES (276, 'http://bbs.zhiyoo.com/favicon.ico', '智友论坛');
INSERT INTO `nav_logo` VALUES (277, 'https://www.coolapk.com/favicon.ico', '酷安应用');
INSERT INTO `nav_logo` VALUES (278, 'http://www.qdaily.com/favicon.ico', '好奇心日报');
INSERT INTO `nav_logo` VALUES (279, 'https://36kr.com/favicon.ico', 'NEXT');
INSERT INTO `nav_logo` VALUES (280, 'http://www.wooaii.com/images/favico.ico', '我爱玩应用');
INSERT INTO `nav_logo` VALUES (281, 'https://raw.githubusercontent.com/yifoo/img-cloud/master/img/blankico.jpg', '逗比根据地');
INSERT INTO `nav_logo` VALUES (282, 'https://www.yahahanpo.com/theme/material/images/users/favicon.png', '公益部');
INSERT INTO `nav_logo` VALUES (283, 'https://coderschool.cn/favicon.ico', '技术拉你我');
INSERT INTO `nav_logo` VALUES (284, 'https://favicon.yandex.net/favicon/58pic.com', '千图网');
INSERT INTO `nav_logo` VALUES (285, 'https://pngimg.com/favicon.ico', 'PNG素材');
INSERT INTO `nav_logo` VALUES (286, 'https://wordart.com/favicon.ico', '文字拼图');
INSERT INTO `nav_logo` VALUES (287, 'https://www.quanjing.com/favicon.ico', '全景网');
INSERT INTO `nav_logo` VALUES (288, 'https://favicon.yandex.net/favicon/7mx.com', '7MX');
INSERT INTO `nav_logo` VALUES (289, 'https://pixabay.com/favicon.ico', 'PixaBay');
INSERT INTO `nav_logo` VALUES (290, '//assetcdn.500px.org/assets/favicon-e2c5b38899aa875fc619f268af668d6d.ico', '500px');
INSERT INTO `nav_logo` VALUES (291, 'https://favicon.yandex.net/favicon/gratisography.com', 'gratiso');
INSERT INTO `nav_logo` VALUES (292, 'https://raw.githubusercontent.com/yifoo/img-cloud/master/img/blankico.jpg', '美工吧');
INSERT INTO `nav_logo` VALUES (293, 'https://favicon.yandex.net/favicon/yisell.com', '音效网');
INSERT INTO `nav_logo` VALUES (294, 'http://font.chinaz.com/favicon.ico', '站长字体');
INSERT INTO `nav_logo` VALUES (295, 'http://www.diyiziti.com/favicon.ico', '字体转换');
INSERT INTO `nav_logo` VALUES (296, 'https://favicon.yandex.net/favicon/uisdc.com', '设计师');
INSERT INTO `nav_logo` VALUES (297, 'https://favicon.yandex.net/favicon/hao.shejidaren.com', '设计导航');
INSERT INTO `nav_logo` VALUES (298, 'http://imgs.xueui.cn/wp-content/uploads/2014/01/ico_16X16.ico', '学UI');
INSERT INTO `nav_logo` VALUES (299, 'https://favicon.yandex.net/favicon/niudana.com', '牛大拿');
INSERT INTO `nav_logo` VALUES (300, 'http://hao.psefan.com/favicon.ico', '饭团导航');
INSERT INTO `nav_logo` VALUES (301, 'https://favicon.yandex.net/favicon/paomianba.com', '泡面吧');
INSERT INTO `nav_logo` VALUES (302, 'https://kim.plopco.com/favicon.ico', 'KIM主页');
INSERT INTO `nav_logo` VALUES (303, 'https://favicon.yandex.net/favicon/taoxiaozhong.com', '淘小众');
INSERT INTO `nav_logo` VALUES (304, 'http://lackar.com/aa/favicon.ico', 'Anywhere');
INSERT INTO `nav_logo` VALUES (305, 'https://www.moulem.com/favicon.ico', '某柠檬');
INSERT INTO `nav_logo` VALUES (306, 'http://ilxdh.com/favicon.ico', '龙轩导航');
INSERT INTO `nav_logo` VALUES (307, 'http://www.mvyxws.com/favicon.ico', '医学微视');
INSERT INTO `nav_logo` VALUES (308, 'http://hao.wangchongbuluo.com/favicon.ico', '网虫部落');
INSERT INTO `nav_logo` VALUES (309, 'https://www.kanguowai.com/favicon.ico', '看国外');
INSERT INTO `nav_logo` VALUES (310, 'http://www.egouz.com/favicon.ico', 'Egouz');
INSERT INTO `nav_logo` VALUES (311, 'https://favicon.yandex.net/favicon/xiaolvji.com', '效率集');
INSERT INTO `nav_logo` VALUES (312, 'https://favicon.yandex.net/favicon/321ku.com', '321ku');
INSERT INTO `nav_logo` VALUES (313, 'https://www.qicao.cn/favicon.ico', '奇草导航');
INSERT INTO `nav_logo` VALUES (314, 'https://favicon.yandex.net/favicon/haoyonghaowan.com', '好用好玩');
INSERT INTO `nav_logo` VALUES (315, 'http://cdn-sqn.aigei.com/assets/site/img/icon/favicon.ico', '爱给音效');
INSERT INTO `nav_logo` VALUES (316, 'http://ybmfx.com/wp-content/uploads/2018/07/cropped-1-32x32.png', '100秒分享');
INSERT INTO `nav_logo` VALUES (317, 'https://favicon.yandex.net/favicon/ac.scmor.com', '谷歌镜像');
INSERT INTO `nav_logo` VALUES (318, 'https://favicon.yandex.net/favicon/luooqi.com', 'Anypaper');
INSERT INTO `nav_logo` VALUES (319, 'https://favicon.yandex.net/favicon/sciencesoft.cn', '学术搜索');
INSERT INTO `nav_logo` VALUES (320, 'https://gitter.im/favicon.ico', 'Gitter');
INSERT INTO `nav_logo` VALUES (321, 'https://www.aolsearch.com/favicon.ico', 'AOL');
INSERT INTO `nav_logo` VALUES (322, 'https://sci-hub.tw/favicon.ico', 'Sci-Hub');
INSERT INTO `nav_logo` VALUES (323, 'https://favicon.yandex.net/favicon/sci-hub.is', 'Sci-Hub2');
INSERT INTO `nav_logo` VALUES (324, 'https://favicon.yandex.net/favicon/convert2mp3.net', 'YouTube下载');
INSERT INTO `nav_logo` VALUES (325, 'https://favicon.yandex.net/favicon/btlibrary.xyz', 'P2P种子');
INSERT INTO `nav_logo` VALUES (326, 'https://favicon.yandex.net/favicon/ed2000.com', 'ED2000');
INSERT INTO `nav_logo` VALUES (327, '//qiniu-cdn.devhub.top/favicon.ico', '西林街');
INSERT INTO `nav_logo` VALUES (328, 'https://favicon.yandex.net/favicon/btyunsou.co', 'BT搜搜');
INSERT INTO `nav_logo` VALUES (329, 'https://favicon.yandex.net/favicon/panduoduo.net', '盘多多');
INSERT INTO `nav_logo` VALUES (330, 'https://favicon.yandex.net/favicon/xibianyun.com', '西边云');
INSERT INTO `nav_logo` VALUES (331, 'https://favicon.yandex.net/favicon/tuoniao.me', '鸵鸟搜索');
INSERT INTO `nav_logo` VALUES (332, 'https://www.alinecode.com/favicon.ico', '一行代码');
INSERT INTO `nav_logo` VALUES (333, 'https://www.panc.cc/favicon.ico', '胖 次');
INSERT INTO `nav_logo` VALUES (334, 'https://static.clewm.net/static/images/favicon.ico', '草料二维码');
INSERT INTO `nav_logo` VALUES (335, 'https://plus.google.com/favicon.ico', 'Google+');
INSERT INTO `nav_logo` VALUES (336, 'https://www.linkresearcher.com/favicon.ico', '领研网');
INSERT INTO `nav_logo` VALUES (337, 'https://ssl-static.fishlee.net/favicon.ico', '鱼の后花园');
INSERT INTO `nav_logo` VALUES (338, 'https://tool.lu/favicon.ico', '在线工具');
INSERT INTO `nav_logo` VALUES (339, 'https://favicon.yandex.net/favicon/quzhuanpan.com', '去转盘');
INSERT INTO `nav_logo` VALUES (340, 'https://academic.microsoft.com/App/build/icons-75bfc40a2c7542928d63dac3594141ab/favicon.ico', 'MS学术');
INSERT INTO `nav_logo` VALUES (341, 'http://www.tubiaoxiu.com/landing/img/logo_small16.png', '图表秀');
INSERT INTO `nav_logo` VALUES (342, 'http://smallpdf.com/favicon.png', 'SmallPDF');
INSERT INTO `nav_logo` VALUES (343, 'https://favicon.yandex.net/favicon/subhd.com', 'sub-HD');
INSERT INTO `nav_logo` VALUES (344, 'https://raw.githubusercontent.com/yifoo/img-cloud/master/img/answers.ico', 'Answers');
INSERT INTO `nav_logo` VALUES (345, 'https://favicon.yandex.net/favicon/doyoudo.com', 'doyoudo');
INSERT INTO `nav_logo` VALUES (346, 'https://favicon.yandex.net/favicon/kankan.com', '响巢记录');
INSERT INTO `nav_logo` VALUES (347, 'http://www.qiuziti.com/img2/icon.ico', '求字体');
INSERT INTO `nav_logo` VALUES (348, 'https://favicon.yandex.net/favicon/taira-komori.jpn.org', '小森平音效');
INSERT INTO `nav_logo` VALUES (349, 'https://www.bootcdn.cn/assets/ico/favicon.ico', 'BootCDN');
INSERT INTO `nav_logo` VALUES (350, 'https://static.npmjs.com/b0f1a8318363185cc2ea6a40ac23eeb2.png', 'npm');
INSERT INTO `nav_logo` VALUES (351, 'https://www.guojiguoshu.com/sites/default/files/favicon_1.ico', '国际果蔬');
INSERT INTO `nav_logo` VALUES (352, 'https://favicon.yandex.net/favicon/muchongimg.xmcimg.com', '小木虫');
INSERT INTO `nav_logo` VALUES (353, 'https://www.eurofresh-distribution.com/sites/all/themes/eurofresh/favicon.ico', 'eurofresh');
INSERT INTO `nav_logo` VALUES (354, 'https://www.kkroot.com/wp-content/uploads/2017/11/卡卡-03-150x150.png', '卡卡源');
INSERT INTO `nav_logo` VALUES (355, 'http://wangchujiang.com/awesome-mac/favicon.ico', 'Mac绝赞');
INSERT INTO `nav_logo` VALUES (356, 'https://cdn.sspai.com/sspai/assets/img/favicon/icon.ico', '少数派');
INSERT INTO `nav_logo` VALUES (357, 'https://raw.githubusercontent.com/yifoo/img-cloud/master/img/blankico.jpg', '逗比云');
INSERT INTO `nav_logo` VALUES (358, 'http://oldj.github.io/SwitchHosts/images/icon_32x32.png', 'SwitchHosts');
INSERT INTO `nav_logo` VALUES (359, 'https://qianshan.sfo2.digitaloceanspaces.com/icon.png', '千山导航');
INSERT INTO `nav_logo` VALUES (360, 'https://fulck.com/fav.png', 'Fulck');
INSERT INTO `nav_logo` VALUES (363, 'http://www.shake123.com/Public/favicon.ico', 'Shake123');
INSERT INTO `nav_logo` VALUES (364, 'https://www.qdfuns.com/favicon.ico', '前端网');
INSERT INTO `nav_logo` VALUES (365, 'http://lawtalks.cn/static/css/default/img/favicon.ico?v=20190215', '法 言');
INSERT INTO `nav_logo` VALUES (366, 'https://raw.githubusercontent.com/yifoo/img-cloud/master/img/blankico.jpg', '百 知');
INSERT INTO `nav_logo` VALUES (367, 'https://favicon.yandex.net/favicon/sofasofa.io', 'Sofa');
INSERT INTO `nav_logo` VALUES (368, 'https://geekori.com/images/logo2.png', '极客起源');
INSERT INTO `nav_logo` VALUES (369, 'https://ask.seowhy.com/favicon.ico', '搜外问答');
INSERT INTO `nav_logo` VALUES (370, 'https://favicon.yandex.net/favicon/geekpark.net', '极客公园');
INSERT INTO `nav_logo` VALUES (371, 'http://www.itvalue.com.cn/public/images/favicon.ico', 'ITValue');
INSERT INTO `nav_logo` VALUES (372, 'https://raw.githubusercontent.com/yifoo/img-cloud/master/img/blankico.jpg', '404');
INSERT INTO `nav_logo` VALUES (373, 'https://s1.music.126.net/style/favicon.ico', '网易音乐');
INSERT INTO `nav_logo` VALUES (374, 'https://img.alicdn.com/tfs/TB1qP4zgY5YBuNjSspoXXbeNFXa-550-550.png', '虾米音乐');
INSERT INTO `nav_logo` VALUES (375, 'https://o4jiepyc4.qnssl.com/favicon.ico', '七牛CDN');
INSERT INTO `nav_logo` VALUES (376, 'https://raw.githubusercontent.com/yifoo/img-cloud/master/img/blankico.jpg', '草根主机');
INSERT INTO `nav_logo` VALUES (377, 'https://raw.githubusercontent.com/yifoo/img-cloud/master/img/blankico.jpg', 'Dot');
INSERT INTO `nav_logo` VALUES (378, '//favicon.yandex.net/favicon/000webhost.com', 'webhost');
INSERT INTO `nav_logo` VALUES (379, 'http://home.my-board.org/favicon.ico', '备用导航');
INSERT INTO `nav_logo` VALUES (381, 'https://favicon.yandex.net/favicon/hao123.com', 'hao123风云榜');
INSERT INTO `nav_logo` VALUES (382, 'https://favicon.yandex.net/favicon/aihot.net', '人工智能');
INSERT INTO `nav_logo` VALUES (383, 'https://favicon.yandex.net/favicon/baozoumanhua.com', '暴走漫画');
INSERT INTO `nav_logo` VALUES (384, 'https://file.iviewui.com/file/favicon.ico', 'iveiw');
INSERT INTO `nav_logo` VALUES (385, 'https://www.wukong.com/favicon.ico', '悟空问答');
INSERT INTO `nav_logo` VALUES (386, 'https://favicon.yandex.net/favicon/dx.doi.org', 'DOI');
INSERT INTO `nav_logo` VALUES (387, 'https://raw.githubusercontent.com/yifoo/img-cloud/master/img/blankico.jpg', '卡巴全球攻击');
INSERT INTO `nav_logo` VALUES (388, 'https://xinqukuai.cn/wp-content/uploads/2018/06/nblogo.png', '新区块');
INSERT INTO `nav_logo` VALUES (389, 'https://cdn.sstatic.net/Sites/stackoverflow/img/favicon.ico', 'SOverflow');
INSERT INTO `nav_logo` VALUES (390, 'https://cooking.stackexchange.com/favicon.ico', 'Seasoned');
INSERT INTO `nav_logo` VALUES (391, 'https://www.qsptv.net/favicon.ico', '全视频');
INSERT INTO `nav_logo` VALUES (392, 'https://favicon.yandex.net/favicon/xemvtv.net', 'Xemvtv');
INSERT INTO `nav_logo` VALUES (393, 'http://www.1fsp.com/favicon.ico', '一方视频');
INSERT INTO `nav_logo` VALUES (394, 'https://muse-ui.org/favicon.ico', 'muse2.0');
INSERT INTO `nav_logo` VALUES (395, 'http://www.wtsou.com/view/img/favicon.ico', '玩图搜历史');
INSERT INTO `nav_logo` VALUES (396, 'https://raw.githubusercontent.com/yifoo/img-cloud/master/img/blankico.jpg', '谷歌镜像库');
INSERT INTO `nav_logo` VALUES (397, 'http://www.miui.com/favicon.ico', 'MIUI');
INSERT INTO `nav_logo` VALUES (398, 'https://favicon.yandex.net/favicon/uugai.com', 'logo生成');
INSERT INTO `nav_logo` VALUES (399, 'https://favicon.yandex.net/favicon/map.norsecorp.com', '全球攻击');
INSERT INTO `nav_logo` VALUES (400, 'https://favicon.yandex.net/favicon/archive.org', '网页时光机');
INSERT INTO `nav_logo` VALUES (401, 'https://www.cloudxns.net/favicon.ico', 'CloudXNS');
INSERT INTO `nav_logo` VALUES (402, 'https://blog.lee-cloud.xyz/favicon.ico', 'Axios');
INSERT INTO `nav_logo` VALUES (403, 'https://www.xuanbiyijue.com/images/failure.ico', '悬笔一绝');
INSERT INTO `nav_logo` VALUES (404, 'https://tuchong.com/favicon.ico', '图虫网');
INSERT INTO `nav_logo` VALUES (405, 'http://image.wxopen.club/wxopenclub-favicon.ico', 'WXOPEN');
INSERT INTO `nav_logo` VALUES (406, 'https://cdn.worktile.com/assets/images/favicon.ico', 'WorkTile');
INSERT INTO `nav_logo` VALUES (407, 'https://www.ruffood.com/favicon.ico', '若 饭');
INSERT INTO `nav_logo` VALUES (408, 'https://raw.githubusercontent.com/yifoo/img-cloud/master/img/blankico.jpg', '图标外链');
INSERT INTO `nav_logo` VALUES (409, 'https://app.zeplin.io/favicon.ico', 'Zeplin');
INSERT INTO `nav_logo` VALUES (410, 'https://favicon.yandex.net/favicon/fudan.edu.cn', '高数教学');
INSERT INTO `nav_logo` VALUES (411, 'https://developer.mozilla.org/static/img/favicon32.7f3da72dcea1.png', 'MDN');
INSERT INTO `nav_logo` VALUES (412, 'http://www.webkkl.com/favicon.ico', 'HTML5');
INSERT INTO `nav_logo` VALUES (413, 'http://www.cbdio.com/assets/i/app-icon72x72@2x.png', '数据观');
INSERT INTO `nav_logo` VALUES (414, 'http://www.itongji.cn/favicon.ico', '中国统计网');
INSERT INTO `nav_logo` VALUES (415, 'http://www.datayuan.cn/favicon.ico', '数据猿');
INSERT INTO `nav_logo` VALUES (416, 'http://www.innojoy.com/../images/patMain.ico', '大为专利');
INSERT INTO `nav_logo` VALUES (417, 'https://favicon.yandex.net/favicon/questmobile.com.cn', 'Quest报告');
INSERT INTO `nav_logo` VALUES (418, 'https://www.qianzhan.com/favicon.ico', '前瞻网');
INSERT INTO `nav_logo` VALUES (419, 'https://favicon.yandex.net/favicon/weixin.qq.com', '小程序教程');
INSERT INTO `nav_logo` VALUES (420, 'https://www.html.cn/doc/lodash/icons/favicon-16x16.png', 'Lodash');
INSERT INTO `nav_logo` VALUES (421, 'https://favicon.yandex.net/favicon/0daydown.com', '0DayDown');
INSERT INTO `nav_logo` VALUES (422, 'https://img.xclient.info/icon/favicon.ico', 'Xclient');
INSERT INTO `nav_logo` VALUES (423, 'https://www.amap.com/favicon.ico', '高德地图');
INSERT INTO `nav_logo` VALUES (424, 'https://raw.githubusercontent.com/yifoo/img-cloud/master/img/blankico.jpg', 'DataUrl');
INSERT INTO `nav_logo` VALUES (425, 'http://web.chacuo.net/favicon.ico', 'Web工具');
INSERT INTO `nav_logo` VALUES (426, 'https://favicon.yandex.net/favicon/xuechenlei.com', '盛夏光年');
INSERT INTO `nav_logo` VALUES (427, 'https://www.99css.com/favicon.ico', '99Css');
INSERT INTO `nav_logo` VALUES (428, 'https://v3.bootcss.com/favicon.ico', 'Chrome插件');
INSERT INTO `nav_logo` VALUES (429, 'https://www.solidot.org/favicon.ico', 'Solidot');
INSERT INTO `nav_logo` VALUES (430, 'https://postimages.org/favicon.ico', 'PostImg');
INSERT INTO `nav_logo` VALUES (431, 'https://masuit.com/favicon.ico', '懒得勤快');
INSERT INTO `nav_logo` VALUES (432, 'https://pac.itzmx.com/favicon.ico', 'PAC规则');
INSERT INTO `nav_logo` VALUES (433, 'https://free-ss.site/favicon.ico', 'free-ss');
INSERT INTO `nav_logo` VALUES (434, '//favicon.yandex.net/favicon/freessl.org', 'FreeSSL');
INSERT INTO `nav_logo` VALUES (435, 'https://www.notion.so/images/favicon.ico', 'QuanX');
INSERT INTO `nav_logo` VALUES (436, 'https://www.webpagetest.org/favicon.ico', 'WebTest');
INSERT INTO `nav_logo` VALUES (437, 'https://www.zzzmode.com/mytools/charles/favicon.ico', '抓包Charles');
INSERT INTO `nav_logo` VALUES (438, '//favicon.yandex.net/favicon/gitee.io', 'Markdown');
INSERT INTO `nav_logo` VALUES (439, '//favicon.yandex.net/favicon/yun321.xyz', 'yun');
INSERT INTO `nav_logo` VALUES (440, '//favicon.yandex.net/favicon/xiaohuochai.cc', '小火柴');
INSERT INTO `nav_logo` VALUES (441, '//favicon.yandex.net/favicon/360.cn', '360路由');
INSERT INTO `nav_logo` VALUES (442, '//favicon.yandex.net/favicon/runjs.cn', 'RunJs');
INSERT INTO `nav_logo` VALUES (443, '//favicon.yandex.net/favicon/imgchr.com', '路过图床');
INSERT INTO `nav_logo` VALUES (444, '//favicon.yandex.net/favicon/quqi.com', '曲奇云盘');
INSERT INTO `nav_logo` VALUES (445, '//favicon.yandex.net/favicon/okayapi.com', 'OK数据');
INSERT INTO `nav_logo` VALUES (446, '//favicon.yandex.net/favicon/rails365.net', 'Rails365');
INSERT INTO `nav_logo` VALUES (447, 'https://apacheall.com.cn/assets/favicon-rjllemrp.png', 'Apache');
INSERT INTO `nav_logo` VALUES (448, '//favicon.yandex.net/favicon/devopen.club', 'DevOpen');
INSERT INTO `nav_logo` VALUES (449, '//favicon.yandex.net/favicon/ninghao.net', '宁皓网');
INSERT INTO `nav_logo` VALUES (450, 'https://raw.githubusercontent.com/yifoo/img-cloud/master/img/blankico.jpg', '谷歌镜像');
INSERT INTO `nav_logo` VALUES (451, 'https://raw.githubusercontent.com/yifoo/img-cloud/master/img/blankico.jpg', '谷歌学术镜像');
INSERT INTO `nav_logo` VALUES (452, '//favicon.yandex.net/favicon/cove.cloud', '海豚湾');
INSERT INTO `nav_logo` VALUES (453, '//favicon.yandex.net/favicon/qiutianaimeili.com', '秋天爱美丽');
INSERT INTO `nav_logo` VALUES (454, '//favicon.yandex.net/favicon/mshady.com', '豪杰笔记');
INSERT INTO `nav_logo` VALUES (455, '//favicon.yandex.net/favicon/leiyun.org', '雷云网盘');
INSERT INTO `nav_logo` VALUES (457, 'https://static.leetcode-cn.com/cn-assets/icons/favicon-16x16.png', '领 扣');
INSERT INTO `nav_logo` VALUES (458, 'https://homecdn.lanhuapp.com/img/favicon.ico', '蓝 湖');
INSERT INTO `nav_logo` VALUES (459, '//favicon.yandex.net/favicon/4243.net', '大木虫');
INSERT INTO `nav_logo` VALUES (460, 'https://wangdoc.com/assets/icons/favicon-32x32.png', '网 道');
INSERT INTO `nav_logo` VALUES (461, '//favicon.yandex.net/favicon/lightpdf.com', 'LightPDF');
INSERT INTO `nav_logo` VALUES (462, '//favicon.yandex.net/favicon/lhammer.cn', 'CSS Tricks');
INSERT INTO `nav_logo` VALUES (463, '//favicon.yandex.net/favicon/webhek.com', 'H5算法动画');
INSERT INTO `nav_logo` VALUES (464, '//favicon.yandex.net/favicon/visualgo.net', '数据算法');
INSERT INTO `nav_logo` VALUES (465, '//favicon.yandex.net/favicon/squoosh.app', 'Squoosh');
INSERT INTO `nav_logo` VALUES (466, 'https://docschina.org/favicon.ico', '印记中文');
INSERT INTO `nav_logo` VALUES (467, '//favicon.yandex.net/favicon/myssl.com', 'SSL检测');
INSERT INTO `nav_logo` VALUES (468, 'https://www.xiaobd.net/template/img/favicon.ico', '小不点');
INSERT INTO `nav_logo` VALUES (469, '//favicon.yandex.net/favicon/yunpanjingling.com', '云盘精灵');
INSERT INTO `nav_logo` VALUES (470, 'http://www.imh5.com/assets/images/logo-747x634.png', 'H5');
INSERT INTO `nav_logo` VALUES (471, 'https://www.multcloud.com/favicon.ico', '网盘同步');
INSERT INTO `nav_logo` VALUES (472, '//favicon.yandex.net/favicon/remove.bg', '移除背景');
INSERT INTO `nav_logo` VALUES (473, 'http://assets.bootcss.com/www/assets/ico/favicon.png?1557372811800', 'BootCSS');
INSERT INTO `nav_logo` VALUES (474, '//favicon.yandex.net/favicon/github.io', 'mac独立');
INSERT INTO `nav_logo` VALUES (475, 'https://www.geetest.com/favicon.ico', '极 验');
INSERT INTO `nav_logo` VALUES (476, 'https://www.ve2x.com/favicon.ico', '钛导航');
INSERT INTO `nav_logo` VALUES (477, 'https://avocode.com/static/favicons/favicon-32x32.png', 'avocode');
INSERT INTO `nav_logo` VALUES (478, 'https://raw.githubusercontent.com/yifoo/img-cloud/master/img/blankico.jpg', '纪录片天地');
INSERT INTO `nav_logo` VALUES (479, 'https://www.dy2018.com/favicon.ico', '电影天堂');
INSERT INTO `nav_logo` VALUES (480, 'https://raw.githubusercontent.com/yifoo/img-cloud/master/img/blankico.jpg', '蒲中资源网');
INSERT INTO `nav_logo` VALUES (481, 'https://wht.im/assets/img/common/icon_64.png', '万花筒');
INSERT INTO `nav_logo` VALUES (482, 'https://raw.githubusercontent.com/yifoo/img-cloud/master/img/blankico.jpg', 'BT搜');
INSERT INTO `nav_logo` VALUES (483, 'https://raw.githubusercontent.com/yifoo/img-cloud/master/img/blankico.jpg', '小森林');
INSERT INTO `nav_logo` VALUES (484, 'https://cdn.sspai.com/sspai/assets/img/favicon/icon.ico', '少数派');
INSERT INTO `nav_logo` VALUES (485, 'https://www.henrypp.org/favicon.ico', '内存清理');
INSERT INTO `nav_logo` VALUES (486, 'https://www.aisouziyuan.com/favicon.ico', '爱搜网盘');
INSERT INTO `nav_logo` VALUES (487, 'https://surmon.me/favicon.ico', 'surmon大神');
INSERT INTO `nav_logo` VALUES (488, '//www.hurbai.com/favicon.ico', '大灰');
INSERT INTO `nav_logo` VALUES (489, 'https://extfans.com/assets/icon/favicon64.png', '扩展迷');
INSERT INTO `nav_logo` VALUES (490, 'https://yurl.sinaapp.com/favicon.ico', 'Crx新浪下载');
INSERT INTO `nav_logo` VALUES (491, 'https://10why.net/wp-content/uploads/2020/03/10why-0326-111103-719957-180x180.png', '十万为什么');
INSERT INTO `nav_logo` VALUES (492, 'https://crxextractor.com/images/favicon.png', 'Get.CRX');
INSERT INTO `nav_logo` VALUES (493, 'https://www.dililitv.com/favicon.ico', '嘀哩哩');
INSERT INTO `nav_logo` VALUES (494, 'http://youtube.online-downloader.com/Download-Font/favicon-32x32.png', 'youtube下载');
INSERT INTO `nav_logo` VALUES (495, 'https://zh.savefrom.net/favicon.ico', 'YTB下载');
INSERT INTO `nav_logo` VALUES (496, 'http://bddn.cn/favicon.ico', '电视直播');
INSERT INTO `nav_logo` VALUES (497, 'https://f0cdn.anyknew.com/web/img/icons/favicon-32x32.png', '拷贝兔');
INSERT INTO `nav_logo` VALUES (498, 'https://zhuanlan.zhihu.com/favicon.ico', '50个网站');
INSERT INTO `nav_logo` VALUES (499, 'https://demo.glyptodon.com/images/logo-144.png', '在线win10');
INSERT INTO `nav_logo` VALUES (500, 'https://background.cowtransfer.com/favicon.ico', '奶牛快传');
INSERT INTO `nav_logo` VALUES (501, 'https://raw.githubusercontent.com/yifoo/img-cloud/master/img/blankico.jpg', '学术网站');
INSERT INTO `nav_logo` VALUES (502, 'https://www.91sotu.com/favicon.ico', '搜图导航');
INSERT INTO `nav_logo` VALUES (503, 'https://wj.qq.com/favicon.ico', '腾讯问卷');
INSERT INTO `nav_logo` VALUES (504, 'https://www.hipdf.cn/favicon.ico', 'HiPDF');
INSERT INTO `nav_logo` VALUES (505, 'https://www.pdflibr.com/static/favicon.ico', '云短信');
INSERT INTO `nav_logo` VALUES (506, 'https://sms.cngrok.com/favicon.ico', '马上短信');
INSERT INTO `nav_logo` VALUES (507, 'https://www.parsevideo.com/static/img/logo.ico', '视频解析');
INSERT INTO `nav_logo` VALUES (508, 'https://www.zwcsm.com/favicon.ico', '中午吃什么');
INSERT INTO `nav_logo` VALUES (509, 'https://www.zwcsm.com/favicon.ico', '中午吃什么');
INSERT INTO `nav_logo` VALUES (510, 'http://www.mp4ba.com/favicon.ico', 'Mp4ba吧');
INSERT INTO `nav_logo` VALUES (511, 'http://n.lackk.com/img/favicon.ico', '兰客导航');
INSERT INTO `nav_logo` VALUES (512, '//index.toutiao.com/favicon.ico', '头条报告');
INSERT INTO `nav_logo` VALUES (513, 'http://qiachu.com/zb_users/theme/suiranx_nav/image/favicon.ico', '恰初导航');
INSERT INTO `nav_logo` VALUES (514, 'https://css-tricks.com/favicon.ico', 'CSS-Tricks');
INSERT INTO `nav_logo` VALUES (515, '//www.w3cschool.cn/statics/images/favicon.ico', 'w3cschool');
INSERT INTO `nav_logo` VALUES (516, 'https://cn.vuejs.org/images/icons/android-icon-192x192.png', 'VUE');
INSERT INTO `nav_logo` VALUES (517, 'https://react.docschina.org/favicon.ico', 'React');
INSERT INTO `nav_logo` VALUES (518, 'http://static.nodejs.cn/_static/img/favicon.png', 'Node.js');
INSERT INTO `nav_logo` VALUES (519, 'https://res.wx.qq.com/a/wx_fed/assets/res/NTI4MWU5.ico', '微信小程序');
INSERT INTO `nav_logo` VALUES (520, 'https://www.webpackjs.com/assets/favicon.ico', 'webpack');
INSERT INTO `nav_logo` VALUES (521, 'https://www.babeljs.cn/favicon.ico', 'Babel');
INSERT INTO `nav_logo` VALUES (522, 'https://www.smzdm.com/favicon.ico', '什么值得买');
INSERT INTO `nav_logo` VALUES (524, '//static001.geekbang.org/static/icon/time/favicon-32x32.png', '极客时间');
INSERT INTO `nav_logo` VALUES (525, 'https://www.mckinsey.com.cn/wp-content/uploads/2017/09/favicon-pagelines.ico', '麦肯锡');
INSERT INTO `nav_logo` VALUES (526, 'http://i.aliresearch.com/logo/arc.ico', '阿里研究院');
INSERT INTO `nav_logo` VALUES (527, 'https://www.chinaventure.com.cn/images/logo/logo_tiny.png', '投中网');
INSERT INTO `nav_logo` VALUES (528, 'https://research.ke.com/favicon.ico', '房地产研究院');
INSERT INTO `nav_logo` VALUES (529, 'https://www.jiemian.com/favicon.ico', '界面数据');
INSERT INTO `nav_logo` VALUES (530, 'https://www.vmovier.com/favicon.ico', '场 库');
INSERT INTO `nav_logo` VALUES (531, 'https://www.digitaling.com/file/images/favicon.ico', '数英网');
INSERT INTO `nav_logo` VALUES (532, '//goss.vcg.com/static/favicon.ico', '视觉中国');
INSERT INTO `nav_logo` VALUES (533, 'http://www.baiduonce.com/favicon.ico', '摆渡一下');
INSERT INTO `nav_logo` VALUES (534, 'http://www.runfox.com/favicon.ico', 'RunFox');
INSERT INTO `nav_logo` VALUES (535, 'https://a1.fdlstatic.com/asset/514/bundles/downloadcore/images/favicon.ico', 'Download');
INSERT INTO `nav_logo` VALUES (536, 'http://www.10tiao.com/assets/images/icon/favicon.ico', '十 条');
INSERT INTO `nav_logo` VALUES (537, 'http://bestcbooks.com/favicon.ico', '计算机书控');
INSERT INTO `nav_logo` VALUES (538, 'https://www.libhunt.com/assets/logos/libhunt/logo-favicon-27328d24291803839b900acca866d0c9acc774f79744adcc40938e57ae23ad5a.png', 'LibHunt');
INSERT INTO `nav_logo` VALUES (539, 'http://www.crunchzilla.com/root-index/favicon.png', 'Crunchzila');
INSERT INTO `nav_logo` VALUES (540, 'https://cloudconvert.com/assets/eb7f3fa0/img/logo_flat_32.png', '云转码');
INSERT INTO `nav_logo` VALUES (541, 'https://zh.javascript.info/img/favicon/favicon.png', '现代JS');
INSERT INTO `nav_logo` VALUES (542, 'https://www.moerats.com/usr/picture/favicon.ico', 'Rat');
INSERT INTO `nav_logo` VALUES (543, 'https://rthsoftware.cn/airportal/favicon.ico', 'Airportal');
INSERT INTO `nav_logo` VALUES (544, 'https://rthsoftware.cn/favicon.ico', '热铁盒');
INSERT INTO `nav_logo` VALUES (545, 'http://fulibus.net/favicon.ico', '福利吧');
INSERT INTO `nav_logo` VALUES (546, 'http://own-cloud.cn/favicon.ico', '小麦云盘');
INSERT INTO `nav_logo` VALUES (547, 'https://raw.githubusercontent.com/yifoo/img-cloud/master/img/blankico.jpg', 'Kiwifree');
INSERT INTO `nav_logo` VALUES (548, 'https://raw.githubusercontent.com/yifoo/img-cloud/master/img/blankico.jpg', NULL);
INSERT INTO `nav_logo` VALUES (549, 'https://raw.githubusercontent.com/yifoo/img-cloud/master/img/blankico.jpg', NULL);
INSERT INTO `nav_logo` VALUES (550, 'https://raw.githubusercontent.com/yifoo/img-cloud/master/img/blankico.jpg', NULL);
INSERT INTO `nav_logo` VALUES (551, 'https://raw.githubusercontent.com/yifoo/img-cloud/master/img/blankico.jpg', '谷歌镜像');
INSERT INTO `nav_logo` VALUES (552, 'https://raw.githubusercontent.com/yifoo/img-cloud/master/img/blankico.jpg', '自在饭');
INSERT INTO `nav_logo` VALUES (553, 'https://raw.githubusercontent.com/yifoo/img-cloud/master/img/blankico.jpg', '自在饭');
INSERT INTO `nav_logo` VALUES (554, 'https://raw.githubusercontent.com/yifoo/img-cloud/master/img/blankico.jpg', '自在饭谷歌');
INSERT INTO `nav_logo` VALUES (555, 'https://www.programschool.com/favicon.ico', '编程学院');
INSERT INTO `nav_logo` VALUES (556, '//storagecdn.xuetangx.com/static/images/favicon.5767dbcc0a43.ico', '学堂在线');
INSERT INTO `nav_logo` VALUES (557, 'https://react-guide.github.io/react-router-cn/gitbook/images/favicon.ico', 'React路由');
INSERT INTO `nav_logo` VALUES (558, 'https://raw.githubusercontent.com/yifoo/img-cloud/master/img/blankico.jpg', 'AI人脸');
INSERT INTO `nav_logo` VALUES (559, 'https://www.nvidia.com/research/inpainting/favicon.ico', '图片AI修复');
INSERT INTO `nav_logo` VALUES (560, 'http://beepanel.com/favicon.ico', 'Crack宝塔');
INSERT INTO `nav_logo` VALUES (561, 'https://anyi.life/favicon.ico', '安逸导航');
INSERT INTO `nav_logo` VALUES (562, 'https://hitokoto.cn/favicon.ico', '一 言');
INSERT INTO `nav_logo` VALUES (564, 'https://creativemass.cn/favicon-32x32.png', '创意导航');
INSERT INTO `nav_logo` VALUES (565, 'https://gw.alipayobjects.com/zos/rmsportal/rlpTLlbMzTNYuZGGCVYM.png', 'Antd');
INSERT INTO `nav_logo` VALUES (566, 'https://cn.vuejs.org/images/icons/favicon-16x16.png', 'Vue');
INSERT INTO `nav_logo` VALUES (567, 'https://www.redux.org.cn/gitbook/images/favicon.ico', 'Redux');
INSERT INTO `nav_logo` VALUES (568, 'https://www.pussr.com/favicon.ico', '此处有座庙');
INSERT INTO `nav_logo` VALUES (569, 'https://prettier.io/icon.png', 'prettierrc');
INSERT INTO `nav_logo` VALUES (570, 'https://www.bookstack.cn/favicon.ico', '书栈网');
INSERT INTO `nav_logo` VALUES (571, 'https://www.styled-components.com/static/atom.png', 'style组件');
INSERT INTO `nav_logo` VALUES (572, 'https://cloudreve.org/favicon.ico', 'Cloudreve');
INSERT INTO `nav_logo` VALUES (573, 'https://raw.githubusercontent.com/yifoo/img-cloud/master/img/blankico.jpg', 'UmiJS');
INSERT INTO `nav_logo` VALUES (574, 'https://exmail.qq.com/favicon.ico', '腾讯企邮');
INSERT INTO `nav_logo` VALUES (575, 'https://zos.alipayobjects.com/rmsportal/nDgBIDOgapQuIrT.ico', 'antDesign');
INSERT INTO `nav_logo` VALUES (576, '//img.yuekanshuwu.com/other/ico.png', '悦看书屋');
INSERT INTO `nav_logo` VALUES (577, 'https://redux-saga-in-chinese.js.org/gitbook/images/favicon.ico', 'Saga');
INSERT INTO `nav_logo` VALUES (578, 'https://raw.githubusercontent.com/yifoo/img-cloud/master/img/blankico.jpg', 'davjs');
INSERT INTO `nav_logo` VALUES (579, 'http://mockjs.com/assets/img/logo-2.svg', 'Mock.js');
INSERT INTO `nav_logo` VALUES (580, 'https://fabuge1.herokuapp.com/favicon.ico', '发布哥');
INSERT INTO `nav_logo` VALUES (581, 'https://share.earnrmb.us/wp-content/uploads/2019/03/avg-icon.png', '木头分享');
INSERT INTO `nav_logo` VALUES (582, 'https://wiki.mokahr.com/favicon.ico', 'MokaWiki');
INSERT INTO `nav_logo` VALUES (583, 'https://ctext.org/static/apple-touch-icon.png', '中国哲学');
INSERT INTO `nav_logo` VALUES (584, '//www.xiaobaipan.com/static/assets/ico/favicon.png', '小白盘');
INSERT INTO `nav_logo` VALUES (585, 'https://www.abcya.com/client/assets/favicon-32x32.png', 'ABCya');
INSERT INTO `nav_logo` VALUES (586, 'http://www.chouji.net/favicon.ico', '筹集网');
INSERT INTO `nav_logo` VALUES (587, 'https://raw.githubusercontent.com/yifoo/img-cloud/master/img/blankico.jpg', '文库下载');
INSERT INTO `nav_logo` VALUES (588, 'http://pan.lanzou.com/favicon.ico', 'BhVip');
INSERT INTO `nav_logo` VALUES (589, 'http://www.hejizhan.com/bbs/assets/img/icon/favicon.ico', '万千集合');
INSERT INTO `nav_logo` VALUES (590, 'https://raw.githubusercontent.com/yifoo/img-cloud/master/img/blankico.jpg', '上合组织数据');
INSERT INTO `nav_logo` VALUES (591, 'https://www.linshiyouxiang.net/public/zh-CN/img/favicon.ico', '临时邮箱');
INSERT INTO `nav_logo` VALUES (592, 'http://z-sms.com/favicon.ico', '在线短信');
INSERT INTO `nav_logo` VALUES (593, 'https://raw.githubusercontent.com/yifoo/img-cloud/master/img/blankico.jpg', '逗比表情');
INSERT INTO `nav_logo` VALUES (594, 'https://send.firefox.com/favicon.ico', 'FireSend');
INSERT INTO `nav_logo` VALUES (595, 'https://raw.githubusercontent.com/yifoo/img-cloud/master/img/blankico.jpg', '公共网盘');
INSERT INTO `nav_logo` VALUES (596, 'http://jp.ydtdml.cn/view/img/favicon.ico', '高实用极客');
INSERT INTO `nav_logo` VALUES (597, 'https://laoge.xyz/view/img/favicon.ico', '34个短信');
INSERT INTO `nav_logo` VALUES (598, 'http://ke.yzqz.cn/favicon.ico', '清华计算机');
INSERT INTO `nav_logo` VALUES (599, 'https://globfone.com/wp-content/uploads/2015/06/favicon.png', '全球短信');
INSERT INTO `nav_logo` VALUES (600, 'https://www.banyunhome.com/wp-content/uploads/2018/06/登录头像-150x150.png', '搬运之家');
INSERT INTO `nav_logo` VALUES (601, 'https://raw.githubusercontent.com/yifoo/img-cloud/master/img/blankico.jpg', 'Onedrive');
INSERT INTO `nav_logo` VALUES (602, 'http://www.shipinyu.cn/img/favicon.png', '视频鱼');
INSERT INTO `nav_logo` VALUES (603, 'http://www.yuanxue365.com/./favicon.ico', '猿 学');
INSERT INTO `nav_logo` VALUES (604, 'https://www.onlinedoctranslator.com/resources/img/logo-icons.png', '文档翻译');
INSERT INTO `nav_logo` VALUES (605, 'https://cdn-www.yxgapp.com/wp-content/uploads/2018/12/yxg-logo-100x100.png', '译学馆');
INSERT INTO `nav_logo` VALUES (606, 'https://wx4.sinaimg.cn/mw690/7e03218cly1fuqmdspyg0j202x02xmwx.jpg', '千百度');
INSERT INTO `nav_logo` VALUES (607, 'https://raw.githubusercontent.com/yifoo/img-cloud/master/img/blankico.jpg', '医学导航');
INSERT INTO `nav_logo` VALUES (608, 'https://bigezhang.com/favicon.png', '比格张');
INSERT INTO `nav_logo` VALUES (609, 'http://data.stats.gov.cn/images/favourite.ico', '国家数据');
INSERT INTO `nav_logo` VALUES (610, 'https://www.topys.cn/Public/favicon.ico', 'TOPS');
INSERT INTO `nav_logo` VALUES (611, 'https://yunduanxin.net/favicon.ico', '云短信');
INSERT INTO `nav_logo` VALUES (612, 'https://m.eruo.ml/favicon.ico', '免费ssr');
INSERT INTO `nav_logo` VALUES (613, 'https://zos.alipayobjects.com/rmsportal/wIjMDnsrDoPPcIV.png', 'AntMobile');
INSERT INTO `nav_logo` VALUES (614, 'http://nextjs.frontendx.cn/static/favicon/favicon-32x32.png', 'Next.js');
INSERT INTO `nav_logo` VALUES (615, 'http://s.nodejs.cn/moment/static/img/moment-favicon.png', 'moment');
INSERT INTO `nav_logo` VALUES (616, 'https://static.skyandroid.cn/images/favicon.ico', '马可波罗');
INSERT INTO `nav_logo` VALUES (617, 'https://raw.githubusercontent.com/yifoo/img-cloud/master/img/blankico.jpg', '身份证号码');
INSERT INTO `nav_logo` VALUES (618, 'https://static.ftimg.net/img/ipad_icon.png', 'FT中文网');
INSERT INTO `nav_logo` VALUES (619, 'http://pubmed.cn/favicon.ico', 'PubMed');
INSERT INTO `nav_logo` VALUES (620, 'http://www.795.com.cn/favicon.ico', '创业点子');
INSERT INTO `nav_logo` VALUES (621, 'https://git-scm.com/favicon.ico', 'Git');
INSERT INTO `nav_logo` VALUES (622, 'http://or.nsfc.gov.cn/nsfc.ico', '国家自然基金研究');
INSERT INTO `nav_logo` VALUES (623, 'http://xiongmaopan.com/wp-content/uploads/2018/07/xiongmaopan.ico', '熊猫盘');
INSERT INTO `nav_logo` VALUES (624, 'https://www.showdoc.cc/favicon.ico', 'ShowDoc');
INSERT INTO `nav_logo` VALUES (625, 'https://lala.im/favicon.ico', '荒岛');
INSERT INTO `nav_logo` VALUES (626, 'https://www.itying.com/favicon.ico', 'Koa');
INSERT INTO `nav_logo` VALUES (627, 'https://assets-cdn.shimo.im/from_qbox/favicon.ico', '石墨文档');
INSERT INTO `nav_logo` VALUES (628, 'http://www.feemic.cn/static/img/avatar-2.png', 'MOOC解析');
INSERT INTO `nav_logo` VALUES (629, 'https://www.ehow.com/favicon.ico', 'eHow');
INSERT INTO `nav_logo` VALUES (630, 'http://guozhivip.com/images/ic.ico', '果汁英语');
INSERT INTO `nav_logo` VALUES (631, 'https://raw.githubusercontent.com/yifoo/img-cloud/master/img/blankico.jpg', 'vvv文档');
INSERT INTO `nav_logo` VALUES (632, 'https://raw.githubusercontent.com/yifoo/img-cloud/master/img/blankico.jpg', '开放Libary');
INSERT INTO `nav_logo` VALUES (633, 'http://www.ncpssd.org/favicon.ico', '国家哲学');
INSERT INTO `nav_logo` VALUES (634, 'https://hellogithub.com/favicon.ico', 'HiGithub');
INSERT INTO `nav_logo` VALUES (635, 'http://www.sfznet.com/favicon.ico', '成年人身份证');
INSERT INTO `nav_logo` VALUES (636, 'https://work.weixin.qq.com/favicon.ico', '企业微信');
INSERT INTO `nav_logo` VALUES (637, 'https://www.oxfordowl.co.uk/favicon.ico', '牛津儿童');
INSERT INTO `nav_logo` VALUES (638, 'https://shenzjd.com/favicon.ico', '神族九帝');
INSERT INTO `nav_logo` VALUES (639, 'https://express.yudu.com/favicon.ico', 'YUDU杂志');
INSERT INTO `nav_logo` VALUES (640, 'https://www.allhistory.com/favicon.ico', '全历史');
INSERT INTO `nav_logo` VALUES (641, 'https://statics.cdstm.cn/img/favicon.ico', '数字科技馆');
INSERT INTO `nav_logo` VALUES (642, 'http://www.1ppt.com/favicon.ico', '第1PPT');
INSERT INTO `nav_logo` VALUES (643, 'http://www.wenkuwenku.com/favicon.ico', '皮皮虾文库');
INSERT INTO `nav_logo` VALUES (644, 'https://ipaperclip.net/favicon.ico', '回形针手册');
INSERT INTO `nav_logo` VALUES (645, 'https://www.myqqjd.com/wp-content/themes/begin/img/favicon.ico', '芊芊精典');
INSERT INTO `nav_logo` VALUES (646, 'https://v.gimy.tv/favicon.ico', 'Gimy TV迷');
INSERT INTO `nav_logo` VALUES (647, 'https://www.dybee.tv/wp-content/uploads/2018/01/dybee.png', '电影蜜蜂');
INSERT INTO `nav_logo` VALUES (648, 'https://www.talebook.org/favicon.ico', '奇艺书屋');
INSERT INTO `nav_logo` VALUES (649, 'https://d15omoko64skxi.cloudfront.net/wp-content/uploads/2016/05/cc-site-icon-150x150.png', 'CC Search');
INSERT INTO `nav_logo` VALUES (650, 'https://bookset.me/favicon.ico', 'Bookset');
INSERT INTO `nav_logo` VALUES (651, 'http://zntx.cc/favicon.ico', '八神app');
INSERT INTO `nav_logo` VALUES (652, 'https://cloud.tencent.com/favicon.ico', '环境模拟实验');
INSERT INTO `nav_logo` VALUES (653, 'http://koolshare.cn/static/image/icon/favicon.ico', 'Koolshare');
INSERT INTO `nav_logo` VALUES (654, 'https://www.duboku.com/favicon.ico', '独播库');
INSERT INTO `nav_logo` VALUES (655, 'https://kindle.51nazhun.pub/favicon.ico', 'kindle分享');
INSERT INTO `nav_logo` VALUES (656, 'https://gw.alipayobjects.com/zos/rmsportal/UTjFYEzMSYVwzxIGVhMu.png', '语 雀');
INSERT INTO `nav_logo` VALUES (657, 'http://www.childrensbooksforever.com/favicon.ico', '儿童绘本');
INSERT INTO `nav_logo` VALUES (658, 'http://www.books812.com/favicon.ico', '云海电子书');
INSERT INTO `nav_logo` VALUES (659, 'https://cn.imslp.org/favicon.ico', '国际乐谱库');
INSERT INTO `nav_logo` VALUES (660, 'https://wn.run/favicon.ico', '万能命令');
INSERT INTO `nav_logo` VALUES (661, 'https://www.gaoding.com/favicon.ico', '在线抠图');
INSERT INTO `nav_logo` VALUES (662, 'http://wangqunsong.top/favicon.ico', '身份证');
INSERT INTO `nav_logo` VALUES (663, 'http://wtyang.com/ag/favicon.ico', '用户信息');
INSERT INTO `nav_logo` VALUES (664, 'https://raw.githubusercontent.com/yifoo/img-cloud/master/img/blankico.jpg', '直连');
INSERT INTO `nav_logo` VALUES (665, 'https://zarm.design/./favicon.ico', 'Zarm');
INSERT INTO `nav_logo` VALUES (666, 'https://raw.githubusercontent.com/yifoo/img-cloud/master/img/blankico.jpg', 'Git简易指南');
INSERT INTO `nav_logo` VALUES (667, 'https://raw.githubusercontent.com/yifoo/img-cloud/master/img/blankico.jpg', 'HCM-Test');
INSERT INTO `nav_logo` VALUES (668, 'https://cdn.labs.topbook.cc/icon.png', '高效生活视频书');
INSERT INTO `nav_logo` VALUES (669, 'https://matters.news/_next/static/images/favicon-32x32-ebe87c1331e8f38768ca2f94791768aa.png', 'Matters');
INSERT INTO `nav_logo` VALUES (670, '//img.alicdn.com/tfs/TB1v_SfxCzqK1RjSZFLXXcn2XXa-50-50.png', 'Bizcharts');
INSERT INTO `nav_logo` VALUES (671, 'http://www.coursade.com/media/favicon.png', 'Coursade');
INSERT INTO `nav_logo` VALUES (672, 'https://i2.wp.com/mactorrents.co/wp-content/uploads/2019/02/fruity-apple-mac-icons-4.png?fit=32%2C32&ssl=1', 'MacTorrent');
INSERT INTO `nav_logo` VALUES (673, 'https://www.macupdate.com/apple-touch-icon.png', 'MacUpdate');
INSERT INTO `nav_logo` VALUES (674, 'http://nav.web-hub.cn/img/logo.ico', 'web前端导航');
INSERT INTO `nav_logo` VALUES (675, 'https://raw.githubusercontent.com/yifoo/img-cloud/master/img/blankico.jpg', '上图资源');
INSERT INTO `nav_logo` VALUES (676, 'http://www.addog.vip/resource/images_addog/favicon.ico', 'addDog');
INSERT INTO `nav_logo` VALUES (677, 'https://www.boxmoe.tools/static/favicon.ico', 'Moe Tools');
INSERT INTO `nav_logo` VALUES (678, 'http://www.wangpanqunzu.com/favicon.ico', '网盘组');
INSERT INTO `nav_logo` VALUES (679, 'https://www.macbed.cn/assets/images/macjb.ico', 'MacBed');
INSERT INTO `nav_logo` VALUES (680, 'https://cdn.geekersq.cc/wp-content/uploads/2019/01/cropped-512512-150x150.png', '小彦的自留地');
INSERT INTO `nav_logo` VALUES (681, 'https://element.eleme.cn/favicon.ico', 'ElementUI');
INSERT INTO `nav_logo` VALUES (682, 'https://loading.io/assets/img/favicon.png', 'Loading');
INSERT INTO `nav_logo` VALUES (683, 'https://www.cloudflare.com/favicon.ico', 'Cloudflare');
INSERT INTO `nav_logo` VALUES (684, 'https://zh.nuxtjs.org/favicon.ico', 'Nuxt');
INSERT INTO `nav_logo` VALUES (686, '//g.alicdn.com/dingding/web/0.2.6/img/oldIcon.ico', '钉钉开放');
INSERT INTO `nav_logo` VALUES (687, 'https://raw.githubusercontent.com/yifoo/img-cloud/master/img/blankico.jpg', '入职管理');
INSERT INTO `nav_logo` VALUES (688, 'https://5iux.github.io/280.png', '简单搜索');
INSERT INTO `nav_logo` VALUES (689, 'https://www.locmjj.com/wp-content/themes/JieStyle-Two-master/images/icon_32.png', 'Locmjj博客');
INSERT INTO `nav_logo` VALUES (690, 'https://raw.githubusercontent.com/yifoo/img-cloud/master/img/blankico.jpg', 'Nano');
INSERT INTO `nav_logo` VALUES (691, 'https://www.ruhe8.com/themes/simplebootx/Public/assets/images/favicon.ico', '如何吧');
INSERT INTO `nav_logo` VALUES (692, 'http://zh.d2l.ai/_static/gluon_s2.png', '动手学AI');
INSERT INTO `nav_logo` VALUES (693, 'http://www.itxiaozhong.com/wp-content/uploads/2018/09/cropped-logo-32x32.png', 'IT小众');
INSERT INTO `nav_logo` VALUES (694, 'https://tushuo.baidu.com/homepage/asset/img/ec3-logo.png', '图 说');
INSERT INTO `nav_logo` VALUES (695, 'https://jira.mokahr.com/s/-lhyek1/74004/b6b48b2829824b869586ac216d119363/_/favicon.ico', 'JiraBug');
INSERT INTO `nav_logo` VALUES (696, 'https://gitlab.mokahr.com/assets/favicon-7901bd695fb93edb07975966062049829afb56cf11511236e61bcf425070e36e.png', 'HCM-H5');
INSERT INTO `nav_logo` VALUES (697, 'http://www.yuwenmi.com/favicon.ico', '语文迷');
INSERT INTO `nav_logo` VALUES (698, 'https://ilovefishc.com/img/favicon.ico', '鱼C');
INSERT INTO `nav_logo` VALUES (699, 'http://www.apkbus.com/favicon.ico', 'MaterialUI');
INSERT INTO `nav_logo` VALUES (700, 'https://raw.githubusercontent.com/yifoo/img-cloud/master/img/blankico.jpg', '迭代需求');
INSERT INTO `nav_logo` VALUES (701, 'https://raw.githubusercontent.com/yifoo/img-cloud/master/img/blankico.jpg', '电报资源搜索');
INSERT INTO `nav_logo` VALUES (702, 'https://jenkins.mokahr.com/favicon.ico', 'jenkins');
INSERT INTO `nav_logo` VALUES (703, 'https://carbon.now.sh/favicon.ico', '分享代码');
INSERT INTO `nav_logo` VALUES (704, 'https://cdn.yankodesign.com/images/design_news/2015/07/favicon16.ico', '全球工业设计前沿');
INSERT INTO `nav_logo` VALUES (705, 'http://www.netnoease.com/favicon.ico', '网不易');
INSERT INTO `nav_logo` VALUES (706, 'https://iao.su/favicon.ico', '不死鸟');
INSERT INTO `nav_logo` VALUES (707, 'https://wanqu.co/static/images/wanqu/favicons/favicon-32x32.png', '湾区日报');
INSERT INTO `nav_logo` VALUES (708, 'https://www.jiqizhixin.com/favicon.ico', '机器之心');
INSERT INTO `nav_logo` VALUES (709, 'http://www.atoolbox.net/favicon.ico', '一个工具箱');
INSERT INTO `nav_logo` VALUES (710, 'https://oss.love2.io/static/favicon.ico', 'Love2');
INSERT INTO `nav_logo` VALUES (711, 'http://microsculpture.net/favicon.ico', '昆 虫');
INSERT INTO `nav_logo` VALUES (713, 'https://gridea.dev/gridea.ico', 'Gridea');
INSERT INTO `nav_logo` VALUES (714, 'https://www.hiyd.com/favicon.ico', '食物库');
INSERT INTO `nav_logo` VALUES (715, 'https://raw.githubusercontent.com/yifoo/img-cloud/master/img/blankico.jpg', '食物数据');
INSERT INTO `nav_logo` VALUES (716, 'https://schrodinger.github.io/fixed-data-table-2/images/favicon-b4fca2450cb5aa407a2e106f42a92838.png', 'FixedTable');
INSERT INTO `nav_logo` VALUES (717, 'https://www.fa123.com/favicon-pc.ico', '法律导航');
INSERT INTO `nav_logo` VALUES (718, 'http://ef.zhiweidata.com/static/img/favicon.ico', '知微事见');
INSERT INTO `nav_logo` VALUES (719, 'https://www.woodo.cn/favicon.ico', '吾 道');
INSERT INTO `nav_logo` VALUES (720, 'https://img.jokerps.com/wp-content/uploads/2019/05/cropped-未标题-7-1-32x32.jpg', '鹏少资源网');
INSERT INTO `nav_logo` VALUES (721, 'https://zsxwz.com/wp-content/uploads/2019/03/cropped-2994b07591407a74a490f13e13c1dc95-2-32x32.png', '姿势小王子');
INSERT INTO `nav_logo` VALUES (722, 'https://wheremylife.cn/homepage/images/wheremylife.ico', 'SubRss');
INSERT INTO `nav_logo` VALUES (723, 'https://myslide.cn/favicon-196x196.png', 'MySlide');
INSERT INTO `nav_logo` VALUES (724, 'https://static.mezw.com/so_v2/favicon.ico', '聚合搜');
INSERT INTO `nav_logo` VALUES (725, 'https://file.ipadown.com/tophub/assets/images/favicon/favicon-32x32.png', '今日热榜');
INSERT INTO `nav_logo` VALUES (726, 'https://www.notion.so/images/favicon.ico', 'Notion');
INSERT INTO `nav_logo` VALUES (727, 'https://raw.githubusercontent.com/yifoo/img-cloud/master/img/blankico.jpg', '人员Profile');
INSERT INTO `nav_logo` VALUES (728, 'https://zh.dachu.co/logo.png', '大厨网');
INSERT INTO `nav_logo` VALUES (729, 'https://www.jinluoo.com/wp-content/uploads/2017/10/金萝科技1-03.png', '产业新干线');
INSERT INTO `nav_logo` VALUES (730, 'http://www.iread.cf/favicon.ico', 'Iread');
INSERT INTO `nav_logo` VALUES (731, 'https://epubw.com/favicon.ico', 'ePUBw');
INSERT INTO `nav_logo` VALUES (732, 'https://ebook.lorefree.com/favicon.ico', 'LoreFree');
INSERT INTO `nav_logo` VALUES (733, 'https://forum.readfree.me/uploads/default/optimized/1X/_129430568242d1b7f853bb13ebea28b3f6af4e7_2_180x180.png', 'ReadFree');
INSERT INTO `nav_logo` VALUES (734, 'https://pandownload.com/favicon.ico', 'PanLoad');
INSERT INTO `nav_logo` VALUES (735, 'https://www.justfreebooks.info/favicon.ico', 'JFreeBook');
INSERT INTO `nav_logo` VALUES (736, 'https://www.sciping.com/wp-content/uploads/2018/06/fav.ico', '科塔学术');
INSERT INTO `nav_logo` VALUES (737, 'https://raw.githubusercontent.com/yifoo/img-cloud/master/img/blankico.jpg', 'LXY搜索');
INSERT INTO `nav_logo` VALUES (738, 'http://www.mackxin.com/img/mackxin.ico', '馨客栈');
INSERT INTO `nav_logo` VALUES (739, '//a.wattpad.com/favicon.ico', '社交故事');
INSERT INTO `nav_logo` VALUES (740, 'https://www.google.com.hk/favicon.ico', '代理直连');
INSERT INTO `nav_logo` VALUES (741, 'https://www.luckydesigner.space/wp-content/uploads/2019/07/favicon.ico', 'Lucky');
INSERT INTO `nav_logo` VALUES (742, 'http://www.mongoosejs.net/docs/images/favicon/favicon-96x96.png', 'Mongoose');
INSERT INTO `nav_logo` VALUES (743, '//www.tuer123.com/module/pc/resource/static/images/32x32.jpg', '兔耳故事');
INSERT INTO `nav_logo` VALUES (744, 'https://vuetifyjs.com/favicon.ico', 'Vuetify');
INSERT INTO `nav_logo` VALUES (745, 'https://lunwen.im/favicon.ico', '喵咪论文');
INSERT INTO `nav_logo` VALUES (746, 'http://www.quasarchs.com/images/quasar-logo.png', 'Quasar');
INSERT INTO `nav_logo` VALUES (747, 'https://trello.com/favicon.ico', '看 板');
INSERT INTO `nav_logo` VALUES (748, 'http://sou.library.sh.cn/favicon.ico', '上图发现');
INSERT INTO `nav_logo` VALUES (749, 'https://raw.githubusercontent.com/yifoo/img-cloud/master/img/blankico.jpg', '教材搜索');
INSERT INTO `nav_logo` VALUES (750, 'https://www.lingfengyun.com/favicon.ico', '凌风云搜索');
INSERT INTO `nav_logo` VALUES (751, 'https://handbook.jiqizhixin.com/favicon.ico', 'AI商用搜');
INSERT INTO `nav_logo` VALUES (752, 'https://bbs.pinggu.org/favicon.ico', '人大经济');
INSERT INTO `nav_logo` VALUES (754, 'https://qiniu.macxin.com/wp-content/uploads/2018/01/cropped-newlogo.png?imageView2/1/w/192/h/192/interlace/1/q/75#', '萌新网');
INSERT INTO `nav_logo` VALUES (755, 'http://ssr.bingly.cn/favicon.ico', '冰灵酸酸乳');
INSERT INTO `nav_logo` VALUES (756, 'https://www.fxbaogao.com/favicon.ico', '发现报告');
INSERT INTO `nav_logo` VALUES (759, '//sxsimg.xiaoyuanzhao.com/static/img/favicon.ico', '实习僧');
INSERT INTO `nav_logo` VALUES (760, 'http://www.banshujiang.cn/favicon.ico', '搬书匠');
INSERT INTO `nav_logo` VALUES (761, 'https://www.toolnb.com/favicon.ico', '爱资料工具');
INSERT INTO `nav_logo` VALUES (762, 'http://123.kfd.me/iws_files/favicon.ico', '有趣网站');
INSERT INTO `nav_logo` VALUES (763, 'http://mz.soubao.net/favicon.ico', '梅子搜报');
INSERT INTO `nav_logo` VALUES (764, 'https://oos.97su.cn/97su-jiuchisu/ico.jpg', '素 食');
INSERT INTO `nav_logo` VALUES (765, 'https://zuimeix.oss-cn-hangzhou.aliyuncs.com/wp-content/uploads/2018/07/logo200z.png', '最美网站');
INSERT INTO `nav_logo` VALUES (766, 'http://www.ypojie.com/favicon.ico', '易破解');
INSERT INTO `nav_logo` VALUES (767, 'https://crackingpatching.com/wp-content/uploads/2017/01/cropped-favicon.jpg', 'CrackPatch');
INSERT INTO `nav_logo` VALUES (768, 'https://media.ailongmiao.com/uploads/2021/09/favicon.png', '龙喵网');
INSERT INTO `nav_logo` VALUES (769, 'https://www.rjsos.com/favicon.ico', '软件SOS');
INSERT INTO `nav_logo` VALUES (770, 'https://foodsaid.com/sites/default/files/Torrenz%20favicon.png', '食品之声');
INSERT INTO `nav_logo` VALUES (771, 'https://www.cnblogs.com/favicon.ico', '省市经纬度');
INSERT INTO `nav_logo` VALUES (772, 'https://www.mapbox.com/favicon.ico', 'Mapbox');
INSERT INTO `nav_logo` VALUES (774, 'https://www.fxbaogao.com/favicon.ico', '发现报告');
INSERT INTO `nav_logo` VALUES (775, 'http://wk.askci.com/favicon.ico', '前言报告');
INSERT INTO `nav_logo` VALUES (776, 'https://www.ctrip.com/favicon.ico', '携 程');
INSERT INTO `nav_logo` VALUES (777, 'http://www.ipoipo.cn/zb_users/theme/suiranx_news/image/favicon.ico', '并购家');
INSERT INTO `nav_logo` VALUES (778, 'http://www.mouse0232.cn/favicon.ico', '幸福的耗子');
INSERT INTO `nav_logo` VALUES (780, 'https://www.huabaike.com/favicon.ico', '花百科');
INSERT INTO `nav_logo` VALUES (782, 'http://down.foodmate.net/favicon.ico', '食品标准');
INSERT INTO `nav_logo` VALUES (783, 'https://picobd.yunxuetang.cn/sys/17610786768/images/201807/15bdac32df944505be6cc2e4f1a98126.ico', '海 大');
INSERT INTO `nav_logo` VALUES (784, 'https://www.jiemodui.com/favicon.ico', '芥末推');
INSERT INTO `nav_logo` VALUES (785, 'https://cn.kantar.com/favicon.ico', '凯度观察');
INSERT INTO `nav_logo` VALUES (786, 'https://www.meihua.info/static/images/icon/meihua.ico', '梅花网');
INSERT INTO `nav_logo` VALUES (787, '//static.hd.weibo.com/weiboalk30/static/pc/img/favicon.ico', '营销案例');
INSERT INTO `nav_logo` VALUES (788, 'http://www.mid2007.com/favicon.ico', '传媒作品');
INSERT INTO `nav_logo` VALUES (789, 'https://edu.tencentads.com/favicon.ico', '腾讯实验室');
INSERT INTO `nav_logo` VALUES (790, 'https://raw.githubusercontent.com/yifoo/img-cloud/master/img/blankico.jpg', '自在饭');
INSERT INTO `nav_logo` VALUES (791, 'http://m.iptv206.com/favicon.ico', 'IPTV');
INSERT INTO `nav_logo` VALUES (792, 'https://raw.githubusercontent.com/yifoo/img-cloud/master/img/blankico.jpg', '药剂圈');
INSERT INTO `nav_logo` VALUES (793, 'http://jiema.tech/favicon.ico', '免费接码');
INSERT INTO `nav_logo` VALUES (794, 'https://www.ccc.org.cn/favicon.ico', '中国儿童中心');
INSERT INTO `nav_logo` VALUES (795, 'https://raw.githubusercontent.com/yifoo/img-cloud/master/img/blankico.jpg', '膳食指南');
INSERT INTO `nav_logo` VALUES (796, 'https://www.baidusu.com/favicon.ico', '百度云解析');
INSERT INTO `nav_logo` VALUES (797, 'http://www.kwthink.cn/wp-content/uploads/2019/08/cropped-logo-new-32x32.jpg', '快玩思维');
INSERT INTO `nav_logo` VALUES (798, 'http://m.shipinyu.cn/img/favicon.png', '视频鱼');
INSERT INTO `nav_logo` VALUES (799, 'https://gmailnator.com/assets/images/favicon.ico', '生成Gmail');
INSERT INTO `nav_logo` VALUES (800, 'https://www.pianku.tv/favicon.ico', '片 库');
INSERT INTO `nav_logo` VALUES (801, 'http://www.novipnoad.com/favicon.ico', 'NO视频');
INSERT INTO `nav_logo` VALUES (802, 'https://shuayouxi.cn/favicon.ico', '超级书库');
INSERT INTO `nav_logo` VALUES (803, 'https://www.ageeye.cn/statics/icons/favicon-16x16.png', '发现中国');
INSERT INTO `nav_logo` VALUES (804, 'http://cdn.xuexi1234567.com/wp-content/themes/xuexi1234567/img/fav.ico', '七维学习空间');
INSERT INTO `nav_logo` VALUES (805, 'https://toobigdata.com/images/favicon-32x32.png', 'TooBigData');
INSERT INTO `nav_logo` VALUES (806, 'https://raw.githubusercontent.com/yifoo/img-cloud/master/img/blankico.jpg', '北京数据');
INSERT INTO `nav_logo` VALUES (807, 'https://cnd.bukebook.cn/wp-content/uploads/2019/02/微信图片_20190131102325.jpg', '布克书屋');
INSERT INTO `nav_logo` VALUES (808, 'https://www.timeforkids.com/favicon.ico', 'TimeForKid');
INSERT INTO `nav_logo` VALUES (809, 'https://www.ceicdata.com/themes/ceicdata/images/touch-icons/icon60.png', 'CEIC');
INSERT INTO `nav_logo` VALUES (810, 'https://raw.githubusercontent.com/yifoo/img-cloud/master/img/blankico.jpg', '安安网');
INSERT INTO `nav_logo` VALUES (811, 'https://foxss.me/favicon.ico', '阿狸云加速');
INSERT INTO `nav_logo` VALUES (812, 'https://www1.mcdonalds.com.cn/favicon.ico', '麦当劳供应商');
INSERT INTO `nav_logo` VALUES (813, 'https://raw.githubusercontent.com/yifoo/img-cloud/master/img/blankico.jpg', '思杰马克');
INSERT INTO `nav_logo` VALUES (814, 'http://www.alltoall.net/qfy-content/uploads/2016/06/fa70f63e4bbcc259632aae74746ce5d6.png', 'AllToAll');
INSERT INTO `nav_logo` VALUES (815, 'https://tools.pdf24.org/static/img/pdf24.png', 'PDF24');
INSERT INTO `nav_logo` VALUES (816, 'https://lbs.amap.com/web/public/dist/images/favicon.ico', '高德开放');
INSERT INTO `nav_logo` VALUES (817, 'https://www.moage.cn/favicon.ico', '美 寄');
INSERT INTO `nav_logo` VALUES (818, 'http://www.finereport.com/wp-content/themes/BusinessNews/images/fr.ico', 'Finereport');
INSERT INTO `nav_logo` VALUES (819, 'https://www.finebi.com/favicon.ico', 'FineBI');
INSERT INTO `nav_logo` VALUES (820, 'https://www.datafocus.ai/wp-content/uploads/2018/05/logo28X28.png', 'DataFocus');
INSERT INTO `nav_logo` VALUES (821, 'https://www.wenshushu.cn/favicon.ico', '文叔叔');
INSERT INTO `nav_logo` VALUES (822, 'https://www.7down.com/favicon.ico', '第七下载');
INSERT INTO `nav_logo` VALUES (823, 'https://raw.githubusercontent.com/yifoo/img-cloud/master/img/blankico.jpg', 'Nide');
INSERT INTO `nav_logo` VALUES (824, 'https://raw.githubusercontent.com/yifoo/img-cloud/master/img/blankico.jpg', 'onedrive');
INSERT INTO `nav_logo` VALUES (825, 'https://signupprod.msocdn.com/aloha/1.0.7242.321/favicon.ico', 'office 申请');
INSERT INTO `nav_logo` VALUES (826, 'https://tlanyan.me/wp-content/uploads/2018/05/cropped-TIM图片20180526154457-32x32.jpg', 'v2ray下载');
INSERT INTO `nav_logo` VALUES (827, 'https://view.freev2ray.org/favicon.ico', 'FreeV2ray');
INSERT INTO `nav_logo` VALUES (828, 'https://raw.githubusercontent.com/yifoo/img-cloud/master/img/blankico.jpg', 'FressV2');
INSERT INTO `nav_logo` VALUES (829, 'https://raw.githubusercontent.com/yifoo/img-cloud/master/img/blankico.jpg', 'SSR整理');
INSERT INTO `nav_logo` VALUES (830, 'https://www.urlgot.cn/static/favicon.ico', '视频下载');
INSERT INTO `nav_logo` VALUES (831, 'http://www.gridsum.com/favicon.ico', '国双报告');
INSERT INTO `nav_logo` VALUES (832, 'https://www.mcmod.cn/favicon.ico', 'MC百科');
INSERT INTO `nav_logo` VALUES (833, 'https://www.baidu.com/favicon.ico', '百度营销');
INSERT INTO `nav_logo` VALUES (834, '//awp-assets.meituan.net/dianpinged-f2e/new-marketing-analysis/favicon.png', '经营有数');
INSERT INTO `nav_logo` VALUES (835, 'http://www.sstir.cn/favicon.ico', '上海科创');
INSERT INTO `nav_logo` VALUES (836, 'http://www.chinese/static/images/favicon.ico', '全球中文');
INSERT INTO `nav_logo` VALUES (837, 'https://new.shuge.org/wp-content/uploads/2018/06/shugeorg-icon.png', '书 格');
INSERT INTO `nav_logo` VALUES (838, 'http://www.dzkbw.com/favicon.ico', '电子课本');
INSERT INTO `nav_logo` VALUES (839, 'https://www.ghpym.com/favicon.ico', '果核剥壳');
INSERT INTO `nav_logo` VALUES (840, 'http://www.foodbevdaily.com/favicon.ico', '食品微刊');
INSERT INTO `nav_logo` VALUES (841, 'http://azreader.net/favicon.ico', 'AZReader');
INSERT INTO `nav_logo` VALUES (842, 'http://www.jintiankansha.me/favicon.ico', '今天看啥');
INSERT INTO `nav_logo` VALUES (843, 'https://huginn.cn/wp-content/uploads/2019/01/logo.png', 'Huginn');
INSERT INTO `nav_logo` VALUES (844, 'https://feedx.co/wp-content/uploads/2018/03/logo-150x150.png', 'FeedX');
INSERT INTO `nav_logo` VALUES (845, 'https://chuansongme.com/static/favicon.ico', '传送门');
INSERT INTO `nav_logo` VALUES (846, 'https://www.vreadtech.com/image/favicon.ico', 'Vread');
INSERT INTO `nav_logo` VALUES (847, '//cdn.qnmlgb.tech/ws.png', '瓦斯订阅');
INSERT INTO `nav_logo` VALUES (848, 'https://feedex.net/favicon.ico', 'Feedex');
INSERT INTO `nav_logo` VALUES (849, 'http://www.feedsoso.com/favicon.ico', 'FeedSo');
INSERT INTO `nav_logo` VALUES (850, 'https://rss.anyant.com/favicon.png', '蚁 阅');
INSERT INTO `nav_logo` VALUES (851, 'https://kz.sync163.com/web/favicon.png', '快 知');
INSERT INTO `nav_logo` VALUES (852, 'https://geph.io/favicon.ico', '迷雾通');
INSERT INTO `nav_logo` VALUES (853, 'http://www.chaonengsou.com/./source/pan.png', '超能搜');
INSERT INTO `nav_logo` VALUES (854, 'https://www.ershicimi.com/favicon.ico', '二十次幂');
INSERT INTO `nav_logo` VALUES (855, 'https://www.wjx.cn/favicon.ico', '问卷星');
INSERT INTO `nav_logo` VALUES (856, 'https://www.teambition.com/favicon.ico', 'Team');
INSERT INTO `nav_logo` VALUES (858, 'https://magnetw.app/favicon.ico', '磁力搜');
INSERT INTO `nav_logo` VALUES (859, 'http://dir.scmor.com/favicon.ico', '全渠道');
INSERT INTO `nav_logo` VALUES (860, 'https://chrome.zzzmh.cn/favicon.ico', '极简插件');
INSERT INTO `nav_logo` VALUES (862, 'https://hrtsea.com/wp-content/uploads/2015/09/hrtsea-150x150.jpg', '心海驿站');
INSERT INTO `nav_logo` VALUES (863, 'https://gtms02.alicdn.com/tps/i2/TB1Den5HpXXXXbwXVXXjznUFXXX-16-16.ico', '阿里指数');
INSERT INTO `nav_logo` VALUES (864, 'https://www.macparks.com/wp-content/themes/blocksy/static/images/favicon.png', '爱情守望者');
INSERT INTO `nav_logo` VALUES (865, 'https://blog.idc.moe/favicon.ico', '落樱博客');
INSERT INTO `nav_logo` VALUES (866, 'http://www.axios-js.com/icon/apple-touch-icon-72x72.png', 'Axios');
INSERT INTO `nav_logo` VALUES (867, 'https://cmacapps.com/wp-content/uploads/fbrfg/favicon-32x32.png', 'TNT Team');
INSERT INTO `nav_logo` VALUES (868, 'https://raw.githubusercontent.com/yifoo/img-cloud/master/img/blankico.jpg', 'TNT');
INSERT INTO `nav_logo` VALUES (869, 'https://zh.pickfrom.net/favicon.ico', 'PickForm');
INSERT INTO `nav_logo` VALUES (870, 'http://www.caixin.com/favicon.ico', '财新网');
INSERT INTO `nav_logo` VALUES (871, 'https://panjiachen.gitee.io/vue-element-admin-site/favicon.ico', 'vue-adming');
INSERT INTO `nav_logo` VALUES (872, 'https://api.meowv.com/./favicon-32x32.png', '公共API');
INSERT INTO `nav_logo` VALUES (873, '//km62b.aoscdn.com/static/gitmind/favicon.png', 'GitMind');
INSERT INTO `nav_logo` VALUES (874, 'https://uneasy.win/wp-content/uploads/2019/08/cropped-V-Character-Alphabet-Letter-192x192.png', 'RssHub备用');
INSERT INTO `nav_logo` VALUES (875, 'https://www.qwjh.xyz/favicon.ico', 'RSS收录');
INSERT INTO `nav_logo` VALUES (876, 'https://search.careerengine.us/ce/ce-shared-img/icons/favicon.ico', '搜索看看');
INSERT INTO `nav_logo` VALUES (877, 'https://docs.rsshub.app/logo.png', 'RSSHub');
INSERT INTO `nav_logo` VALUES (878, 'https://rsshub.wgjstc.com/favicon.ico', 'RSS备用');
INSERT INTO `nav_logo` VALUES (879, 'http://www.mob.com/favicon.ico', 'Mob研究院');
INSERT INTO `nav_logo` VALUES (880, 'https://shop.dreamspark.ac.cn/favicon.ico', 'Onedrive');
INSERT INTO `nav_logo` VALUES (881, 'https://ae01.alicdn.com/kf/H68219444f65c480cac20621cedb59490Z.png', '羊王 の 分享站');
INSERT INTO `nav_logo` VALUES (882, 'https://pincong.rocks/favicon.ico', '新· 品葱');
INSERT INTO `nav_logo` VALUES (883, 'https://www.imacso.com/static/favicon.ico', '麦氪搜');
INSERT INTO `nav_logo` VALUES (884, 'https://zh.telegramindex.com/assets/favicon.ico', '电报统计');
INSERT INTO `nav_logo` VALUES (885, 'https://raw.githubusercontent.com/yifoo/img-cloud/master/img/blankico.jpg', 'YouTube镜像');
INSERT INTO `nav_logo` VALUES (886, 'https://ac.scmor.com/res/favicon.ico', '谷歌镜像');
INSERT INTO `nav_logo` VALUES (887, 'https://www.youneed.win/wp-content/themes/Beginning/images/favicon.ico', '放牧的风车');
INSERT INTO `nav_logo` VALUES (888, 'https://www.freeproxy.world/favicon.ico', '放牧的风SS');
INSERT INTO `nav_logo` VALUES (889, 'https://feedly.com/favicon.ico', 'Feedly');
INSERT INTO `nav_logo` VALUES (890, 'https://sakura.aoaomoe.club/favicon.ico', '樱花');
INSERT INTO `nav_logo` VALUES (891, 'https://aom.monster/favicon.ico', 'AuCloud');
INSERT INTO `nav_logo` VALUES (892, 'https://ibookin-1252237247.cos.ap-shanghai.myqcloud.com/icon.png', '盗版书下载');
INSERT INTO `nav_logo` VALUES (894, 'http://tool2.cn/favicon.png', '兔二工具');
INSERT INTO `nav_logo` VALUES (895, 'https://www.iphonecake.com/favicon.ico', 'IOSCake');
INSERT INTO `nav_logo` VALUES (896, 'https://www.photopea.com/promo/thumb256.png', '在线PS');
INSERT INTO `nav_logo` VALUES (897, 'https://music.yeie.net/favicon.ico', '老D音乐');
INSERT INTO `nav_logo` VALUES (898, 'https://ddrk.me/favicon-32x32.png', '低端影视');
INSERT INTO `nav_logo` VALUES (899, 'https://seeing-theory.brown.edu/img/favicon.png', '看见统计');
INSERT INTO `nav_logo` VALUES (900, 'https://cl.fc55.cf/favicon.ico', '1024');
INSERT INTO `nav_logo` VALUES (901, 'https://minghuaji.dpm.org.cn/images/favicon.ico', '故宫名画记');
INSERT INTO `nav_logo` VALUES (902, 'https://raw.githubusercontent.com/yifoo/img-cloud/master/img/blankico.jpg', '技术元');
INSERT INTO `nav_logo` VALUES (903, 'https://www.edityouraudio.com/favicon.ico', '移除人音');
INSERT INTO `nav_logo` VALUES (904, 'https://echarts.apache.org/favicon.ico', 'Echarts');
INSERT INTO `nav_logo` VALUES (906, 'http://meijuxingqiu.com/favicon.ico', '美剧星球');
INSERT INTO `nav_logo` VALUES (907, 'https://raw.githubusercontent.com/yifoo/img-cloud/master/img/blankico.jpg', '油猴API');
INSERT INTO `nav_logo` VALUES (909, 'https://i.loli.net/2018/08/04/5b65b28a65aae.png', '茶杯狐');
INSERT INTO `nav_logo` VALUES (910, 'http://situyun.xyz/favicon.ico', '司徒云导航');
INSERT INTO `nav_logo` VALUES (911, 'http://situcloud.xyz/favicon.ico', '司徒云');
INSERT INTO `nav_logo` VALUES (912, 'https://rubiks-cube-solver.com/favicon.ico', '魔方解密');
INSERT INTO `nav_logo` VALUES (913, 'https://phet.colorado.edu/favicon.ico', '仿真实验');
INSERT INTO `nav_logo` VALUES (914, 'http://topic.aijiaocai.com/favicon.ico', '爱教材');
INSERT INTO `nav_logo` VALUES (915, 'https://www.21food.cn/favicon.ico', '食研汇');
INSERT INTO `nav_logo` VALUES (916, 'https://raw.githubusercontent.com/yifoo/img-cloud/master/img/blankico.jpg', '食品风向');
INSERT INTO `nav_logo` VALUES (917, 'http://blog.i80k.com/favicon.ico', '青书网络');
INSERT INTO `nav_logo` VALUES (918, 'https://cdn.zrahh.com:4433/img/favicon.ico', '左岸博客');
INSERT INTO `nav_logo` VALUES (919, 'https://raw.githubusercontent.com/yifoo/img-cloud/master/img/blankico.jpg', '社长の论坛');
INSERT INTO `nav_logo` VALUES (920, 'https://dungei.oss-cn-beijing.aliyuncs.com/wp-content/uploads/2019/07/cropped-landing-funky-logo-130x100.png', '盾给网络');
INSERT INTO `nav_logo` VALUES (921, 'https://xz.cakeba.cn/favicon.ico', '节点分享');
INSERT INTO `nav_logo` VALUES (922, 'https://raw.githubusercontent.com/yifoo/img-cloud/master/img/blankico.jpg', '转二维码');
INSERT INTO `nav_logo` VALUES (923, 'https://www.btmoo.com/img/favicon.png', '磁力搜索');
INSERT INTO `nav_logo` VALUES (924, 'https://yixiuer.me/favicon.ico', '一休儿');
INSERT INTO `nav_logo` VALUES (925, 'https://www.semanticscholar.org/img/favicon.png', '开放学术');
INSERT INTO `nav_logo` VALUES (926, 'https://wzfou.cdn.bcebos.com/wp-content/uploads/2018/07/cropped-wzfoulogo-32x32.png', 'cdn');
INSERT INTO `nav_logo` VALUES (927, 'http://data.163.com/favicon.ico', '网易数读');
INSERT INTO `nav_logo` VALUES (928, 'http://www.youserials.com/favicon.ico', '注册码');
INSERT INTO `nav_logo` VALUES (929, 'https://www.medrxiv.org/sites/default/files/images/favicon.ico', 'Medrxiv');
INSERT INTO `nav_logo` VALUES (930, 'https://static.arxiv.org/static/browse/0.2.9/images/icons/favicon.ico', 'arXiv');
INSERT INTO `nav_logo` VALUES (931, 'http://www.wenbor.net/favicon.ico', '文博研习社');
INSERT INTO `nav_logo` VALUES (932, 'https://www.dutype.com/uploads/default/original/1X/7ca40f80290632d821e7a39fe7c782dae438b65e.png', '独唱者');
INSERT INTO `nav_logo` VALUES (933, 'http://www.shigeku.org/favicon.ico', '中国诗歌库');
INSERT INTO `nav_logo` VALUES (934, 'https://www.dupanso.com/favicon.ico', '盘百度');
INSERT INTO `nav_logo` VALUES (935, 'https://shuziyimin.org/favicon.ico', '数字移民');
INSERT INTO `nav_logo` VALUES (936, 'https://typlog.com/favicon.ico', '中文独立博客');
INSERT INTO `nav_logo` VALUES (937, 'https://img.haohome.top/uPic/blankico.jpg', '腾讯大家');
INSERT INTO `nav_logo` VALUES (938, 'https://orgasmsoundlibrary.com/images/common/favicon.ico', '呻吟');
INSERT INTO `nav_logo` VALUES (939, 'https://www.bt.cn/favicon.ico', '宝塔SSL');
INSERT INTO `nav_logo` VALUES (941, 'https://user-images.strikinglycdn.com/res/hrscywv4p/image/upload/c_limit,fl_lossy,h_64,w_64,q_auto/1389536/logonew19xiu_ilsgtq.png', 'Macenjoy');
INSERT INTO `nav_logo` VALUES (942, 'https://mubu.com/favicon.ico', '学习收藏');
INSERT INTO `nav_logo` VALUES (943, 'https://vis.baidu.com/img/favicon.ico', 'Echarts');
INSERT INTO `nav_logo` VALUES (944, 'https://ovocloud.cc/favicon.ico', '白嫖');
INSERT INTO `nav_logo` VALUES (945, 'https://getfree.cloud/favicon.ico', 'GetFree');
INSERT INTO `nav_logo` VALUES (946, 'https://www.dreamstime.com/favicon-57.png', 'dreamstime');
INSERT INTO `nav_logo` VALUES (947, 'https://www.lanzou8.com/favicon.ico', '搜软');
INSERT INTO `nav_logo` VALUES (948, 'https://web.archive.org/_static/images/archive.ico', '网页时光机');
INSERT INTO `nav_logo` VALUES (949, 'https://img.haohome.top/uPic/blankico.jpg', '产品Alexi');
INSERT INTO `nav_logo` VALUES (950, 'https://www.zhijianshang.com/favicon.ico', '指尖VR');
INSERT INTO `nav_logo` VALUES (951, 'https://www.foodwake.com/favicon.ico', '唤醒食物');
INSERT INTO `nav_logo` VALUES (952, 'https://www.jisilu.cn/favicon.ico', '集思录');
INSERT INTO `nav_logo` VALUES (953, 'https://www.aizhezhi.com/favicon.ico', '爱折纸');
INSERT INTO `nav_logo` VALUES (954, 'https://study.163.com/favicon.ico', '网易云课堂');
INSERT INTO `nav_logo` VALUES (955, 'http://6453.net/img/favicon.ico', '龙猫学术');
INSERT INTO `nav_logo` VALUES (957, 'https://www.ixl.com/ixl-favicon.png', 'IXL');
INSERT INTO `nav_logo` VALUES (958, 'https://app.flourish.studio/favicon.ico', 'Flour图表');
INSERT INTO `nav_logo` VALUES (959, 'https://m0.mail.sina.com.cn/favicon.ico', '新浪邮箱');
INSERT INTO `nav_logo` VALUES (960, 'https://www.deepl.com/img/favicon/favicon_96.png', 'DeepL翻译');
INSERT INTO `nav_logo` VALUES (961, 'https://tmioe.com/favicon.ico', '杂铺');
INSERT INTO `nav_logo` VALUES (962, 'https://www.uzaobao.com/favicon.ico', '联合早报');
INSERT INTO `nav_logo` VALUES (963, 'https://www.dw.com/favicon.png', '德国之声');
INSERT INTO `nav_logo` VALUES (964, 'https://www.supfree.net/favicon.ico', '经纬度');
INSERT INTO `nav_logo` VALUES (966, 'https://easypdf.com/favicon.ico', 'EasyPDF');
INSERT INTO `nav_logo` VALUES (967, 'https://www.kurundata.com/favicon.ico', '库润数据');
INSERT INTO `nav_logo` VALUES (968, 'https://www.jiandaoyun.com/favicon.ico', '简道云');
INSERT INTO `nav_logo` VALUES (969, 'https://fuun.fun/favicon-32x32.png', '奇趣网');
INSERT INTO `nav_logo` VALUES (970, '//img.mljznj.com/template/skin2019/statics/img/favicon.ico', '达达兔');
INSERT INTO `nav_logo` VALUES (971, 'https://img.haohome.top/uPic/blankico.jpg', '谍战迷');
INSERT INTO `nav_logo` VALUES (972, 'https://www.digit77.com/images/favicon.png', 'Digit77');
INSERT INTO `nav_logo` VALUES (973, 'https://www.macappbox.com/favicon.ico', '苹果软件');
INSERT INTO `nav_logo` VALUES (974, 'https://aneeo.com/wp-content/uploads/2019/09/cropped-icon-32x32.jpg', '苹果IOS');
INSERT INTO `nav_logo` VALUES (976, 'https://www.macwk.com/favicon.ico', 'MacWk');
INSERT INTO `nav_logo` VALUES (977, 'https://img.haohome.top/uPic/blankico.jpg', '町芒研究院');
INSERT INTO `nav_logo` VALUES (978, 'http://www.zzz.gov.cn/images/logo.ico', '机构公积金');
INSERT INTO `nav_logo` VALUES (979, 'https://img.haohome.top/uPic/blankico.jpg', '公积金');
INSERT INTO `nav_logo` VALUES (980, 'https://www.wenjuan.com/favicon.ico', '问卷网');
INSERT INTO `nav_logo` VALUES (981, 'https://taro-docs.jd.com/taro/img/favicon.ico', 'Taro');
INSERT INTO `nav_logo` VALUES (983, 'https://photos.google.com/favicon.ico', '谷歌相片');
INSERT INTO `nav_logo` VALUES (984, 'http://www.kejilie.com/img/logom.png', '科技猎');
INSERT INTO `nav_logo` VALUES (985, 'https://img.haohome.top/uPic/blankico.jpg', '环球食品');
INSERT INTO `nav_logo` VALUES (986, 'https://creatorsdaily.com/android-icon-192x192.png', '创造者日报');
INSERT INTO `nav_logo` VALUES (987, 'https://www.macat.vip/wp-content/uploads/2019/12/1594786880-172756336db9e95.png', '马克喵');
INSERT INTO `nav_logo` VALUES (988, 'https://www.kancloud.cn/favicon.ico', '看云API');
INSERT INTO `nav_logo` VALUES (989, 'https://api.wrdan.com/favicon.png', 'wrdan');
INSERT INTO `nav_logo` VALUES (990, 'https://api.isoyu.com/favicon.ico', '姬长信');
INSERT INTO `nav_logo` VALUES (991, 'https://api.uomg.com/assets/favicon.ico', 'Uomg');
INSERT INTO `nav_logo` VALUES (992, 'https://api.imjad.cn/favicon.png', 'Imjad');
INSERT INTO `nav_logo` VALUES (993, 'https://github.com/favicon.ico', 'Bing 壁纸');
INSERT INTO `nav_logo` VALUES (994, 'https://api.fczbl.vip/favicon.ico', '犬api');
INSERT INTO `nav_logo` VALUES (995, 'https://api.anhaowu.com/assets/favicon.ico', '安好屋');
INSERT INTO `nav_logo` VALUES (996, 'https://www.free/image/logo.ico', '接口大全');
INSERT INTO `nav_logo` VALUES (997, 'https://api.btstu.cn/favicon.ico', '博天api');
INSERT INTO `nav_logo` VALUES (998, 'https://gofans.cn/favicon.ico', 'GoFans');
INSERT INTO `nav_logo` VALUES (999, 'https://img.haohome.top/uPic/blankico.jpg', '度简易');
INSERT INTO `nav_logo` VALUES (1000, 'https://telegramchannels.me/favicon.png', '电报频道');
INSERT INTO `nav_logo` VALUES (1001, 'https://cdn.readhub.cn/static/assets/png/readhub_logo.png', '分享海报');
INSERT INTO `nav_logo` VALUES (1002, 'https://xtea.io/img/2020/favicon.ico', '名刀电报');
INSERT INTO `nav_logo` VALUES (1003, 'https://tgtw.cc/favicon.ico', 'TG索引');
INSERT INTO `nav_logo` VALUES (1004, 'https://www.verywellfit.com/static/4.165.0/icons/favicons/favicon.ico', 'VeryWell');
INSERT INTO `nav_logo` VALUES (1005, 'https://thetastytip.com/wp-content/uploads/2019/04/the-tasty-tip-favicon.png', 'Tastytip');
INSERT INTO `nav_logo` VALUES (1006, 'https://socialbeta.com/favicon.ico', 'SocialBeta');
INSERT INTO `nav_logo` VALUES (1007, 'https://work.qufenxi.com/favicon.ico', '趣分析');
INSERT INTO `nav_logo` VALUES (1008, 'https://temp-mail.org/favicon.ico', 'TempMail');
INSERT INTO `nav_logo` VALUES (1009, 'https://www.dealmoon.com/favicon.ico', '北美省钱快报');
INSERT INTO `nav_logo` VALUES (1010, 'http://www.haoweichi.com/Public/img/haoweichi.ico', '美国地址');
INSERT INTO `nav_logo` VALUES (1011, 'http://www.80lib.com/layouts/favicon.ico', '80Lib');
INSERT INTO `nav_logo` VALUES (1012, 'https://img.haohome.top/uPic/blankico.jpg', '书童');
INSERT INTO `nav_logo` VALUES (1013, 'https://www.zjlib.cn/favicon.ico', '浙江图书馆');
INSERT INTO `nav_logo` VALUES (1014, 'https://img.haohome.top/uPic/blankico.jpg', '浙图资源');
INSERT INTO `nav_logo` VALUES (1016, 'http://www.lunwengu.com/favicon.ico', '论文谷');
INSERT INTO `nav_logo` VALUES (1018, 'http://elib.ecnudec.com:8088/favicon.ico', '万方2');
INSERT INTO `nav_logo` VALUES (1019, 'http://wf.hbsti.ac.cn/Images/wflogo.ico', '万方3');
INSERT INTO `nav_logo` VALUES (1020, 'https://ifish.fun/img/fish.png', 'AnyPaper');
INSERT INTO `nav_logo` VALUES (1021, 'http://wnlib.com/images/favicon.png', '蜗牛');
INSERT INTO `nav_logo` VALUES (1022, 'https://www.cn-ki.net/favicon.ico', 'iData');
INSERT INTO `nav_logo` VALUES (1023, 'https://www.gitmemory.com/favicon.ico', 'GitMemory');
INSERT INTO `nav_logo` VALUES (1024, 'https://www.pedata.cn/favicon.ico', '投资数据');
INSERT INTO `nav_logo` VALUES (1025, 'https://www.google.com/drive/static/img/favicon.ico', '谷歌云盘');
INSERT INTO `nav_logo` VALUES (1026, 'http://www.53bk.com/favicon.ico', '报刊大全');
INSERT INTO `nav_logo` VALUES (1027, 'https://booksc.org/favicon.ico', 'ZLibrary');
INSERT INTO `nav_logo` VALUES (1028, 'http://www.lingocn.com/wp-content/uploads/2019/10/cropped-canvas-32x32.png', '好资源');
INSERT INTO `nav_logo` VALUES (1029, 'https://edu-image.nosdn.127.net/32a8dd2a-b9aa-4ec9-abd5-66cd8751befb.png?imageView&quality=100', '中国大学Mooc');
INSERT INTO `nav_logo` VALUES (1030, 'https://cdn.ipfs-lab.com/img/favicon.png', 'Ebook');
INSERT INTO `nav_logo` VALUES (1031, 'https://www.enjing.com/favicon.ico', '恩京的书房');
INSERT INTO `nav_logo` VALUES (1261, 'https://www.notion.so/images/logo-ios.png', 'Notion');
COMMIT;

-- ----------------------------
-- Table structure for nav_role
-- ----------------------------
DROP TABLE IF EXISTS `nav_role`;
CREATE TABLE `nav_role` (
  `id` int(4) NOT NULL AUTO_INCREMENT,
  `rid` int(3) NOT NULL,
  `role` varchar(16) COLLATE utf8_unicode_ci DEFAULT NULL,
  `fid` int(6) NOT NULL,
  `func` varchar(32) COLLATE utf8_unicode_ci DEFAULT NULL,
  `func_name` varchar(32) COLLATE utf8_unicode_ci DEFAULT NULL,
  PRIMARY KEY (`id`) USING BTREE
) ENGINE=InnoDB AUTO_INCREMENT=1018 DEFAULT CHARSET=utf8 COLLATE=utf8_unicode_ci;

-- ----------------------------
-- Records of nav_role
-- ----------------------------
BEGIN;
INSERT INTO `nav_role` VALUES (1005, 10000, 'admin', 1001, 'menu_nav', '导航菜单');
INSERT INTO `nav_role` VALUES (1010, 10000, 'admin', 1020, 'icon_edit', '图标编辑');
INSERT INTO `nav_role` VALUES (1017, 10001, 'guest', 1001, 'menu_nav', '导航菜单');
COMMIT;

-- ----------------------------
-- Table structure for nav_search
-- ----------------------------
DROP TABLE IF EXISTS `nav_search`;
CREATE TABLE `nav_search` (
  `sid` int(2) NOT NULL AUTO_INCREMENT,
  `key_active` int(1) DEFAULT '0',
  `text` varchar(16) COLLATE utf8_unicode_ci DEFAULT NULL,
  `placeholder` varchar(16) COLLATE utf8_unicode_ci DEFAULT NULL,
  `s_index` int(2) DEFAULT NULL,
  `status` int(1) DEFAULT '1',
  PRIMARY KEY (`sid`) USING BTREE
) ENGINE=InnoDB AUTO_INCREMENT=11 DEFAULT CHARSET=utf8 COLLATE=utf8_unicode_ci;

-- ----------------------------
-- Records of nav_search
-- ----------------------------
BEGIN;
INSERT INTO `nav_search` VALUES (1, 1, '网页', '网页搜搜', 1, 1);
INSERT INTO `nav_search` VALUES (2, 0, '社交', '社交搜索', 2, 1);
INSERT INTO `nav_search` VALUES (3, 0, '资讯', '资讯搜索', 3, 1);
INSERT INTO `nav_search` VALUES (4, 0, '视频', '视频搜索', 4, 1);
INSERT INTO `nav_search` VALUES (5, 0, '素材', '素材搜索', 5, 1);
INSERT INTO `nav_search` VALUES (6, 0, '音乐', '音乐搜索', 6, 1);
INSERT INTO `nav_search` VALUES (7, 0, '网盘', '网盘搜索', 7, 1);
INSERT INTO `nav_search` VALUES (8, 0, 'Ebook', '电子书搜索', 8, 1);
INSERT INTO `nav_search` VALUES (9, 0, '专业', '专业搜索', 9, 1);
INSERT INTO `nav_search` VALUES (10, 0, '生活', '生活搜索', 10, 1);
COMMIT;

-- ----------------------------
-- Table structure for nav_search_item
-- ----------------------------
DROP TABLE IF EXISTS `nav_search_item`;
CREATE TABLE `nav_search_item` (
  `sitem_id` int(2) NOT NULL AUTO_INCREMENT,
  `sitem_active` int(1) DEFAULT '0',
  `name` varchar(16) COLLATE utf8_unicode_ci DEFAULT NULL,
  `query` varchar(255) COLLATE utf8_unicode_ci DEFAULT NULL,
  `sid` int(2) DEFAULT NULL,
  `sitem_index` int(2) DEFAULT NULL,
  `status` int(1) DEFAULT '1',
  PRIMARY KEY (`sitem_id`) USING BTREE
) ENGINE=InnoDB AUTO_INCREMENT=43 DEFAULT CHARSET=utf8 COLLATE=utf8_unicode_ci;

-- ----------------------------
-- Records of nav_search_item
-- ----------------------------
BEGIN;
INSERT INTO `nav_search_item` VALUES (1, 1, '百 度', 'https://www.baidu.com/s?wd={key}&ie=utf-8', 1, 1, 1);
INSERT INTO `nav_search_item` VALUES (2, 0, 'Google', 'https://www.google.com/search?q={key}', 1, 2, 1);
INSERT INTO `nav_search_item` VALUES (3, 0, 'Bing', 'https://cn.bing.com/search?q={key}', 1, 4, 1);
INSERT INTO `nav_search_item` VALUES (4, 1, '公众号', 'https://weixin.sogou.com/weixin?type=2&query={key}&ie=utf8&s_from=input', 2, 1, 1);
INSERT INTO `nav_search_item` VALUES (5, 0, '小程序', 'https://minapp.com/miniapp/search/?query={key}', 2, 2, 1);
INSERT INTO `nav_search_item` VALUES (6, 0, '知 乎', 'https://www.zhihu.com/search?q={key}&type=content', 2, 3, 1);
INSERT INTO `nav_search_item` VALUES (7, 0, '豆 瓣', 'https://www.douban.com/search?q={key}', 2, 4, 1);
INSERT INTO `nav_search_item` VALUES (8, 0, '微 博', 'https://s.weibo.com/weibo/{key}', 2, 5, 1);
INSERT INTO `nav_search_item` VALUES (9, 0, '腾讯视频', 'https://v.qq.com/x/search/?q={key}', 4, 4, 1);
INSERT INTO `nav_search_item` VALUES (10, 0, '爱奇艺', 'https://so.iqiyi.com/so/q_{key}', 4, 2, 1);
INSERT INTO `nav_search_item` VALUES (11, 0, '豆瓣电影', 'https://movie.douban.com/subject_search?search_text={key}&cat=1002', 4, 3, 1);
INSERT INTO `nav_search_item` VALUES (12, 1, '茶杯狐', 'https://www.cupfox.com/search?key={key}', 4, 1, 1);
INSERT INTO `nav_search_item` VALUES (13, 0, 'iconfont', 'http://www.iconfont.cn/search/index?q={key}', 5, 5, 1);
INSERT INTO `nav_search_item` VALUES (14, 0, '花 瓣', 'https://huaban.com/search/?q={key}', 5, 1, 1);
INSERT INTO `nav_search_item` VALUES (15, 0, 'Pixabay', 'https://pixabay.com/zh/photos/?&q={key}', 5, 3, 1);
INSERT INTO `nav_search_item` VALUES (16, 1, '百度搜图', 'https://image.baidu.com/search/index?tn=baiduimage&word={key}', 5, 2, 1);
INSERT INTO `nav_search_item` VALUES (17, 0, 'QQ音乐', 'https://y.qq.com/portal/search.html#page=1&t=song&w={key}', 6, 3, 1);
INSERT INTO `nav_search_item` VALUES (18, 0, '网易音乐', 'https://music.163.com/#/search/m/?s={key}', 6, 2, 1);
INSERT INTO `nav_search_item` VALUES (19, 1, '聚合音乐', 'https://music.myepoch.cn/?name={key}&type=kuwo', 6, 1, 1);
INSERT INTO `nav_search_item` VALUES (20, 0, '小马盘', 'https://www.xiaomapan.com/#/main/search?keyword={key}', 7, 4, 1);
INSERT INTO `nav_search_item` VALUES (22, 1, '优聚搜', 'https://ujuso.com/#/main/search?q={key}', 7, 1, 1);
INSERT INTO `nav_search_item` VALUES (23, 1, '豆瓣图书', 'https://book.douban.com/subject_search?search_text={key}&cat=1001', 8, 2, 1);
INSERT INTO `nav_search_item` VALUES (25, 0, '小书屋', 'http://mebook.cc/?s={key}', 8, 3, 1);
INSERT INTO `nav_search_item` VALUES (26, 0, 'PDFDrive', 'https://www.pdfdrive.com/search?q={key}&more=true', 8, 4, 1);
INSERT INTO `nav_search_item` VALUES (27, 0, '谷歌学术', 'https://scholar.google.com.hk/scholar?hl=zh-CN&q={key}', 9, 1, 1);
INSERT INTO `nav_search_item` VALUES (28, 1, 'GitHub', 'https://github.com/search?q={key}', 9, 3, 1);
INSERT INTO `nav_search_item` VALUES (30, 0, 'Pubmed', 'http://www.medlive.cn/pubmed/pubmed_search.do?q={key}', 9, 4, 1);
INSERT INTO `nav_search_item` VALUES (31, 0, 'NPM', 'https://www.npmjs.com/search?q={key}', 9, 5, 1);
INSERT INTO `nav_search_item` VALUES (32, 0, '豆果美食', 'https://www.douguo.com/search/recipe/{key}', 10, 1, 1);
INSERT INTO `nav_search_item` VALUES (33, 1, '淘 宝', 'https://s.taobao.com/search?q={key}', 10, 2, 1);
INSERT INTO `nav_search_item` VALUES (34, 0, '京 东', 'https://search.jd.com/Search?keyword={key}&enc=utf-8', 10, 3, 1);
INSERT INTO `nav_search_item` VALUES (35, 0, 'Magi', 'https://magi.com/search?q={key}', 1, 3, 1);
INSERT INTO `nav_search_item` VALUES (36, 0, '产品经理', 'http://api.woshipm.com/search/list.html?key={key}', 9, 2, 1);
INSERT INTO `nav_search_item` VALUES (37, 0, '吾爱破解', 'https://www.52pojie.cn/search.php?mod=forum&searchid=61092&orderby=lastpost&ascdesc=desc&searchsubmit=yes&kw={key}', 7, 3, 1);
INSERT INTO `nav_search_item` VALUES (38, 0, '磁力搜', 'https://www.sokankan33.cc/search.html?name={key}', 7, 2, 1);
INSERT INTO `nav_search_item` VALUES (39, 0, '电影狗', 'https://www.dianyinggou.com/so/{key}', 4, 5, 1);
INSERT INTO `nav_search_item` VALUES (40, 0, '东方财富', 'https://so.eastmoney.com/News/s?keyword={key}', 3, 1, 1);
INSERT INTO `nav_search_item` VALUES (41, 1, '凤凰网', 'https://so.ifeng.com/?q={key}&c=1', 3, 2, 1);
INSERT INTO `nav_search_item` VALUES (42, 0, '雪球', 'https://xueqiu.com/k?q={key}', 3, 3, 1);
COMMIT;

-- ----------------------------
-- Table structure for nav_sites
-- ----------------------------
DROP TABLE IF EXISTS `nav_sites`;
CREATE TABLE `nav_sites` (
  `site_id` int(11) NOT NULL AUTO_INCREMENT,
  `uid` int(11) DEFAULT NULL,
  `sort_id` int(11) DEFAULT NULL,
  `site_name` varchar(64) DEFAULT NULL,
  `logo_id` int(11) DEFAULT NULL,
  `site_url` varchar(255) DEFAULT NULL,
  `site_tips` varchar(64) DEFAULT NULL,
  `order_index` int(11) DEFAULT NULL,
  `is_com` int(1) DEFAULT NULL COMMENT '共用网址',
  PRIMARY KEY (`site_id`) USING BTREE,
  KEY `logo_id` (`logo_id`) USING BTREE,
  KEY `subSortIndex` (`sort_id`) USING BTREE,
  KEY `siteIndex` (`site_id`,`order_index`) USING BTREE,
  KEY `uidIndex` (`uid`) USING BTREE
) ENGINE=InnoDB AUTO_INCREMENT=16009 DEFAULT CHARSET=utf8;

-- ----------------------------
-- Records of nav_sites
-- ----------------------------
BEGIN;
INSERT INTO `nav_sites` VALUES (11567, 10001, 1128, '佰腾专利', 66, 'https://www.patexplorer.com/', '', 2, 1);
INSERT INTO `nav_sites` VALUES (11569, 10001, 1128, '大为专利', 416, 'http://www.innojoy.com/search/home.html', '', 14, 1);
INSERT INTO `nav_sites` VALUES (11571, 10001, 1128, '开放Libary', 632, 'http://www.oalib.com/', '', 1000, 1);
INSERT INTO `nav_sites` VALUES (11572, 10001, 1128, '国家哲学', 633, 'http://www.ncpssd.org/', '', 1000, 1);
INSERT INTO `nav_sites` VALUES (11573, 10001, 1128, '万千集合', 589, 'http://www.hejizhan.com/bbs/', '', 1000, 1);
INSERT INTO `nav_sites` VALUES (11574, 10001, 1128, '科研搜索', 319, 'http://so.sciencesoft.cn/', '', 1697, 1);
INSERT INTO `nav_sites` VALUES (11575, 10001, 1128, 'Anypaper', 318, 'https://luooqi.com/paper/search', '论文搜索,下载', 1696, 1);
INSERT INTO `nav_sites` VALUES (11576, 10001, 1128, 'AOL', 321, 'https://www.aolsearch.com/', '', 1699, 1);
INSERT INTO `nav_sites` VALUES (11577, 10001, 1128, '国家自然基金研究', 622, 'http://or.nsfc.gov.cn/', '国家自然科学基金基础研究知识库', 1000, 1);
INSERT INTO `nav_sites` VALUES (11578, 10001, 1128, 'MS学术', 340, 'https://academic.microsoft.com/', '', 1700, 1);
INSERT INTO `nav_sites` VALUES (11579, 10001, 1128, '领研网', 336, 'https://www.linkresearcher.com/', '', 1717, 1);
INSERT INTO `nav_sites` VALUES (11580, 10001, 1128, 'Sci-Hub', 322, 'https://sci-hub.tw/', '免费下载文献', 1701, 1);
INSERT INTO `nav_sites` VALUES (11581, 10001, 1128, 'Sci-Hub2', 323, 'http://sci-hub.is/', '', 1702, 1);
INSERT INTO `nav_sites` VALUES (11583, 10001, 1128, '科塔学术', 736, 'https://www.sciping.com/', '科研与学术资源导航平台', 6095, 1);
INSERT INTO `nav_sites` VALUES (11584, 10001, 1128, '喵咪论文', 745, 'https://lunwen.im/', '数据来源:sci-hub、oalib、findarticles、intechopen', 6096, 1);
INSERT INTO `nav_sites` VALUES (11586, 10001, 1128, '教材搜索', 749, 'http://www.hejizhan.com/html/search', '', 6098, 1);
INSERT INTO `nav_sites` VALUES (11587, 10001, 1127, '虫部落', 23, 'https://search.chongbuluo.com/', '一个神奇的搜索网站', 0, 1);
INSERT INTO `nav_sites` VALUES (11588, 10001, 1127, '自在饭', 553, 'https://www.zizaifan.com/cloud.html', '', 1, 1);
INSERT INTO `nav_sites` VALUES (11589, 10001, 1127, '多搜搜', 146, 'http://duososo.com/', '', 6, 1);
INSERT INTO `nav_sites` VALUES (11591, 10001, 1127, '读 秀', 26, 'https://www.duxiu.com/login.jsp', '', 3, 1);
INSERT INTO `nav_sites` VALUES (11592, 10001, 1127, 'PubMed', 27, 'http://www.medlive.cn/pubmed/', '中文版PubMed', 4, 1);
INSERT INTO `nav_sites` VALUES (11593, 10001, 1127, '一行代码', 332, 'https://www.alinecode.com/', '', 9, 1);
INSERT INTO `nav_sites` VALUES (11594, 10001, 1128, 'DOI', 386, 'http://dx.doi.org/', '下载文献', 11, 1);
INSERT INTO `nav_sites` VALUES (11595, 10001, 1127, '小不点', 468, 'https://www.xiaobd.net/', '', 12, 1);
INSERT INTO `nav_sites` VALUES (11597, 10001, 1127, '谷歌镜像', 317, 'http://ac.scmor.com/', '', 8, 1);
INSERT INTO `nav_sites` VALUES (11600, 10001, 1127, '电报资源搜索', 701, 'http://www.sssoou.com/', '', 1001, 1);
INSERT INTO `nav_sites` VALUES (11603, 10001, 1127, 'JFreeBook', 735, 'https://www.justfreebooks.info/', '', 1003, 1);
INSERT INTO `nav_sites` VALUES (11620, 10001, 1130, '百度网盘', 13, 'https://pan.baidu.com/', '', 1, 1);
INSERT INTO `nav_sites` VALUES (11623, 10001, 1130, '曲奇云盘', 444, 'https://quqi.com/', '', 3, 1);
INSERT INTO `nav_sites` VALUES (11624, 10001, 1130, '雷云网盘', 455, 'https://www.leiyun.org', '', 4, 1);
INSERT INTO `nav_sites` VALUES (11625, 10001, 1130, '网盘同步', 471, 'https://www.multcloud.com/index.jsp?rl=zh-CN#home', '', 5, 1);
INSERT INTO `nav_sites` VALUES (11626, 10001, 1130, '小麦云盘', 546, 'http://wp.own-cloud.cn/', '', 6, 1);
INSERT INTO `nav_sites` VALUES (11627, 10001, 1130, '公共网盘', 595, 'https://lm.qiqipip.ml/', '', 7, 1);
INSERT INTO `nav_sites` VALUES (11628, 10001, 1130, 'Cloudreve', 572, 'https://cloudreve.org/', '搭建网盘', 2, 1);
INSERT INTO `nav_sites` VALUES (11631, 10001, 1131, '百度地图', 16, 'https://map.baidu.com/', '', 0, 1);
INSERT INTO `nav_sites` VALUES (11633, 10001, 1131, '火车票', 18, 'https://kyfw.12306.cn/otn', '', 4, 1);
INSERT INTO `nav_sites` VALUES (11634, 10001, 1131, '微信公众号', 9, 'https://mp.weixin.qq.com/', '', 2, 1);
INSERT INTO `nav_sites` VALUES (11635, 10001, 1131, 'Google', 143, 'https://www.google.com/ncr', '', 5, 1);
INSERT INTO `nav_sites` VALUES (11636, 10001, 1131, '百度翻译', 14, 'http://fanyi.baidu.com/', '', 1, 1);
INSERT INTO `nav_sites` VALUES (11637, 10001, 1131, '谷歌翻译', 15, 'https://translate.google.cn/', '', 6, 1);
INSERT INTO `nav_sites` VALUES (11638, 10001, 1131, '薄荷网', 19, 'http://www.boohee.com/', '', 7, 1);
INSERT INTO `nav_sites` VALUES (11639, 10001, 1131, '小米云', 20, 'https://i.mi.com/#/', '', 8, 1);
INSERT INTO `nav_sites` VALUES (11640, 10001, 1131, '拷贝兔', 497, 'https://cp.anyknew.com/', '跨平台传文件', 9, 1);
INSERT INTO `nav_sites` VALUES (11641, 10001, 1131, '携 程', 776, 'https://www.ctrip.com/', '', 11, 1);
INSERT INTO `nav_sites` VALUES (11643, 10001, 1132, 'iSlide', 160, 'https://www.islide.cc/', '让PPT设计简单', 0, 1);
INSERT INTO `nav_sites` VALUES (11644, 10001, 1132, 'SmallPDF', 342, 'http://smallpdf.com/cn', '', 4, 1);
INSERT INTO `nav_sites` VALUES (11645, 10001, 1131, '石墨文档', 627, 'https://shimo.im/', '', 10, 1);
INSERT INTO `nav_sites` VALUES (11646, 10001, 1132, '文件转换器', 161, 'http://cn.office-converter.com/', '', 7, 1);
INSERT INTO `nav_sites` VALUES (11648, 10001, 1132, '奶牛快传', 500, 'https://cowtransfer.com/', '', 9, 1);
INSERT INTO `nav_sites` VALUES (11649, 10001, 1132, '图表秀', 341, 'http://www.tubiaoxiu.com/', '', 10, 1);
INSERT INTO `nav_sites` VALUES (11652, 10001, 1132, 'HiPDF', 504, 'https://www.hipdf.cn/', '', 13, 1);
INSERT INTO `nav_sites` VALUES (11653, 10001, 1132, '语雀', 656, 'https://www.yuque.com/', '专业的云端知识库', 16, 1);
INSERT INTO `nav_sites` VALUES (11654, 10001, 1132, '在线抠图', 661, 'https://www.gaoding.com/koutu', '', 17, 1);
INSERT INTO `nav_sites` VALUES (11656, 10001, 1132, '文档翻译', 604, 'https://www.onlinedoctranslator.com/', '', 19, 1);
INSERT INTO `nav_sites` VALUES (11657, 10001, 1132, '图片AI修复', 559, 'https://www.nvidia.com/research/inpainting/', '', 20, 1);
INSERT INTO `nav_sites` VALUES (11659, 10001, 1132, '图 说', 694, 'https://tushuo.baidu.com/', '百度图说，数据可视化', 3, 1);
INSERT INTO `nav_sites` VALUES (11660, 10001, 1132, 'FireSend', 594, 'https://send.firefox.com/', '', 21, 1);
INSERT INTO `nav_sites` VALUES (11665, 10001, 1132, 'TinyPng', 67, 'https://tinypng.com/', '图片在线压缩', 2, 1);
INSERT INTO `nav_sites` VALUES (11667, 10001, 1132, 'SEO查询', 30, 'http://seo.chinaz.com/', '', 8, 1);
INSERT INTO `nav_sites` VALUES (11668, 10001, 1132, '17ce', 32, 'https://www.17ce.com/', '网站测速', 11, 1);
INSERT INTO `nav_sites` VALUES (11669, 10001, 1132, 'RGB颜色', 33, 'http://www.sioe.cn/yingyong/yanse-rgb-16/', '', 12, 1);
INSERT INTO `nav_sites` VALUES (11670, 10001, 1132, '在线工具', 338, 'https://tool.lu/', '', 14, 1);
INSERT INTO `nav_sites` VALUES (11671, 10001, 1132, '草料二维码', 334, 'https://cli.im/', '', 6, 1);
INSERT INTO `nav_sites` VALUES (11674, 10001, 1132, '路过图床', 443, 'https://imgchr.com/', '', 15, 1);
INSERT INTO `nav_sites` VALUES (11675, 10001, 1132, '移除背景', 472, 'https://www.remove.bg/', '', 5, 1);
INSERT INTO `nav_sites` VALUES (11685, 10001, 1132, '爱资料工具', 761, 'https://www.toolnb.com/', '', 24, 1);
INSERT INTO `nav_sites` VALUES (11687, 10001, 1134, '腾讯地图', 17, 'https://map.qq.com/', '', 2, 1);
INSERT INTO `nav_sites` VALUES (11688, 10001, 1134, '高德地图', 423, 'https://www.amap.com/', '', 0, 1);
INSERT INTO `nav_sites` VALUES (11689, 10001, 1134, '挂号网', 39, 'https://www.guahao.com/', '互联网挂号', 3, 1);
INSERT INTO `nav_sites` VALUES (11690, 10001, 1134, '中午吃什么', 508, 'https://www.zwcsm.com/', '', 1, 1);
INSERT INTO `nav_sites` VALUES (11691, 10001, 1134, '360路由', 441, 'http://ihome.360.cn/', '', 4, 1);
INSERT INTO `nav_sites` VALUES (11692, 10001, 1134, '食物库', 714, 'https://www.hiyd.com/', '', 5, 1);
INSERT INTO `nav_sites` VALUES (11693, 10001, 1134, '食物数据', 715, 'http://www.phsciencedata.cn/Share/ky_sjml.jsp?id=577e0301-ab65-432a-9bb7-a8342302e589#', '官方', 6, 1);
INSERT INTO `nav_sites` VALUES (11696, 10001, 1136, 'PDFdrive', 102, 'http://www.pdfdrive.net/', '', 2, 1);
INSERT INTO `nav_sites` VALUES (11697, 10001, 1136, 'Booksee', 103, 'http://en.booksee.org/', '英文电子书库', 3, 1);
INSERT INTO `nav_sites` VALUES (11698, 10001, 1136, 'itEbooks', 104, 'http://it-ebooks.info/', 'IT电子书', 4, 1);
INSERT INTO `nav_sites` VALUES (11699, 10001, 1136, 'Library', 105, 'http://gen.lib.rus.ec/', '电子书库', 5, 1);
INSERT INTO `nav_sites` VALUES (11700, 10001, 1136, '书问搜索', 106, 'http://www.bookask.com/', '出版电子书搜索', 6, 1);
INSERT INTO `nav_sites` VALUES (11701, 10001, 1136, '鸠摩搜书', 107, 'https://www.jiumodiary.com/', '最强大的搜书引擎', 7, 1);
INSERT INTO `nav_sites` VALUES (11702, 10001, 1136, '读书小站', 549, 'http://ibooks.org.cn/', '为阅读而生,书籍下载', 8, 1);
INSERT INTO `nav_sites` VALUES (11705, 10001, 1136, '左岸读书', 113, 'http://www.zreading.cn/', '', 12, 1);
INSERT INTO `nav_sites` VALUES (11706, 10001, 1136, '走读派', 114, 'http://www.zoudupai.com/', '', 13, 1);
INSERT INTO `nav_sites` VALUES (11707, 10001, 1136, '书 伴', 115, 'https://bookfere.com/', '为静心阅读而生', 14, 1);
INSERT INTO `nav_sites` VALUES (11708, 10001, 1136, '好 读', 116, 'http://haodoo.net/', '', 15, 1);
INSERT INTO `nav_sites` VALUES (11712, 10001, 1136, '西 东', 231, 'http://xidong.net/', '学习资料共享', 18, 1);
INSERT INTO `nav_sites` VALUES (11716, 10001, 1136, 'kindle分享', 655, 'https://kindle.51nazhun.pub', '', 1000, 1);
INSERT INTO `nav_sites` VALUES (11717, 10001, 1136, '云海电子书', 658, 'http://www.pdfbook.cn/', '', 1000, 1);
INSERT INTO `nav_sites` VALUES (11718, 10001, 1136, 'SubRss', 722, 'https://wheremylife.cn', '在kindle上阅读rss订阅', 1001, 1);
INSERT INTO `nav_sites` VALUES (11719, 10001, 1136, 'Iread', 730, 'http://www.iread.cf/', '', 1002, 1);
INSERT INTO `nav_sites` VALUES (11720, 10001, 1136, 'ePUBw', 731, 'https://epubw.com/', '', 1003, 1);
INSERT INTO `nav_sites` VALUES (11723, 10001, 1136, '搬书匠', 760, 'http://www.banshujiang.cn/', '', 1006, 1);
INSERT INTO `nav_sites` VALUES (11730, 10001, 1137, '读万卷', 94, 'http://www.duwanjuan.cn/', '免费杂志在线阅读平台', 107, 1);
INSERT INTO `nav_sites` VALUES (11731, 10001, 1137, 'Magazine', 117, 'http://magazinelib.com/', '', 132, 1);
INSERT INTO `nav_sites` VALUES (11732, 10001, 1137, 'PDF之家', 118, 'http://www.pdfzj.com/', '', 133, 1);
INSERT INTO `nav_sites` VALUES (11734, 10001, 1137, '若蓝格', 119, 'http://www.ifblue.net/', '', 134, 1);
INSERT INTO `nav_sites` VALUES (11735, 10001, 1137, '走盘', 120, 'http://www.zoupan.com/', '', 136, 1);
INSERT INTO `nav_sites` VALUES (11736, 10001, 1137, '读者', 121, 'http://www.52duzhe.com/', '', 137, 1);
INSERT INTO `nav_sites` VALUES (11737, 10001, 1137, '意林', 122, 'http://www.92yilin.com/', '', 138, 1);
INSERT INTO `nav_sites` VALUES (11738, 10001, 1137, '故事会', 123, 'http://www.92gushi.com/', '', 139, 1);
INSERT INTO `nav_sites` VALUES (11739, 10001, 1137, 'YUDU杂志', 639, 'https://express.yudu.com/explore', '国外在线杂志阅读', 1000, 1);
INSERT INTO `nav_sites` VALUES (11740, 10001, 1138, '扩展迷', 489, 'https://extfans.com/extension-download', '提供Chrome扩展与插件的离线安装包下载', 1000, 1);
INSERT INTO `nav_sites` VALUES (11741, 10001, 1138, 'get-crx', 491, 'https://chrome-extension-downloader.com/', '', 1000, 1);
INSERT INTO `nav_sites` VALUES (11742, 10001, 1138, 'Get.CRX', 492, 'https://crxextractor.com/', '可以解压crx包', 1000, 1);
INSERT INTO `nav_sites` VALUES (11743, 10001, 1138, 'Chrome插件', 428, 'https://www.gugeapps.com/', '', 5301, 1);
INSERT INTO `nav_sites` VALUES (11744, 10001, 1138, 'Crx新浪下载', 490, 'https://yurl.sinaapp.com/crx.php', '', 1000, 1);
INSERT INTO `nav_sites` VALUES (11745, 10001, 1140, '吾爱破解', 250, 'http://www.52pojie.cn/', '', 0, 1);
INSERT INTO `nav_sites` VALUES (11746, 10001, 1140, '萌新网', 754, 'https://www.macxin.com/', '', 0, 1);
INSERT INTO `nav_sites` VALUES (11747, 10001, 1140, '殁漂遥', 251, 'https://www.laomoit.com/', '', 1, 1);
INSERT INTO `nav_sites` VALUES (11748, 10001, 1140, '异次元', 271, 'http://www.iplaysoft.com/', '', 2, 1);
INSERT INTO `nav_sites` VALUES (11749, 10001, 1140, '小众软件', 264, 'http://www.appinn.com/', '', 3, 1);
INSERT INTO `nav_sites` VALUES (11750, 10001, 1140, '爱情守望者', 258, 'https://www.waitsun.com/', '', 4, 1);
INSERT INTO `nav_sites` VALUES (11751, 10001, 1140, '玩转苹果', 257, 'http://www.ifunmac.com/', '', 5, 1);
INSERT INTO `nav_sites` VALUES (11753, 10001, 1140, 'mac独立', 474, 'https://josephchang10.github.io/chinese-indie-hackers/', '', 32, 1);
INSERT INTO `nav_sites` VALUES (11754, 10001, 1140, '酷安应用', 277, 'https://www.coolapk.com/apk/', '', 1640, 1);
INSERT INTO `nav_sites` VALUES (11757, 10001, 1141, '睿派克', 253, 'https://www.repaik.com/', '', 6, 1);
INSERT INTO `nav_sites` VALUES (11758, 10001, 1141, 'VirSCAN', 254, 'http://r.virscan.org/', '', 7, 1);
INSERT INTO `nav_sites` VALUES (11760, 10001, 1141, 'AppKed', 259, 'http://www.macbed.com/', '', 9, 1);
INSERT INTO `nav_sites` VALUES (11762, 10001, 1141, '苹果软件园', 260, 'http://www.maczapp.com/', '', 12, 1);
INSERT INTO `nav_sites` VALUES (11763, 10001, 1141, 'SoftAsm', 261, 'https://softasm.co/category/mac', '', 13, 1);
INSERT INTO `nav_sites` VALUES (11765, 10001, 1141, '远景论坛', 263, 'http://bbs.pcbeta.com/', '', 15, 1);
INSERT INTO `nav_sites` VALUES (11766, 10001, 1141, '安下载', 268, 'https://www.anxz.com/', '', 18, 1);
INSERT INTO `nav_sites` VALUES (11768, 10001, 1141, '微软软件', 269, 'http://msdn.itellyou.cn/?lang=zh-cn', '', 19, 1);
INSERT INTO `nav_sites` VALUES (11769, 10001, 1141, '生物软件园', 270, 'http://www.seekbio.com/soft/', '', 20, 1);
INSERT INTO `nav_sites` VALUES (11770, 10001, 1141, '飘云阁', 265, 'https://www.chinapyg.com/forum.php', '', 16, 1);
INSERT INTO `nav_sites` VALUES (11771, 10001, 1141, '蒲中资源网', 480, 'http://jsbpzx.net.cn/Index.html', '', 21, 1);
INSERT INTO `nav_sites` VALUES (11772, 10001, 1141, '软件盒子', 272, 'http://www.itopdog.cn/', '', 22, 1);
INSERT INTO `nav_sites` VALUES (11773, 10001, 1141, 'Mac绝赞', 355, 'http://wangchujiang.com/awesome-mac/index.zh.html', '', 23, 1);
INSERT INTO `nav_sites` VALUES (11774, 10001, 1141, 'Win绝赞', 273, 'https://amazing-apps.gitbooks.io/windows-apps-that-amaze-us/content/zh-CN/', '', 25, 1);
INSERT INTO `nav_sites` VALUES (11776, 10001, 1141, '鱼の后花园', 337, 'http://www.fishlee.net/', '', 26, 1);
INSERT INTO `nav_sites` VALUES (11777, 10001, 1141, 'MIUI', 397, 'http://www.miui.com/index.html', '', 27, 1);
INSERT INTO `nav_sites` VALUES (11779, 10001, 1141, '懒得勤快', 431, 'https://masuit.com/', '', 30, 1);
INSERT INTO `nav_sites` VALUES (11785, 10001, 1141, '内存清理', 485, 'https://www.henrypp.org/product/memreduct', '', 31, 1);
INSERT INTO `nav_sites` VALUES (11787, 10001, 1141, 'MacBed', 679, 'https://www.macbed.cn/', '', 39, 1);
INSERT INTO `nav_sites` VALUES (11802, 10001, 1143, 'BhVip', 588, 'http://pan.lanzou.com/u/%E5%BD%AA%E7%85%8Cqq1846055318', '', 1000, 1);
INSERT INTO `nav_sites` VALUES (11803, 10001, 1143, '八神app', 651, 'http://zntx.cc/', '', 1000, 1);
INSERT INTO `nav_sites` VALUES (11804, 10001, 1143, '最美应用', 274, 'http://zuimeia.com/', '', 1637, 1);
INSERT INTO `nav_sites` VALUES (11805, 10001, 1143, '豌豆荚设计', 275, 'https://www.wandoujia.com/award', '', 1638, 1);
INSERT INTO `nav_sites` VALUES (11806, 10001, 1143, '少数派', 484, 'https://sspai.com/', '', 1641, 1);
INSERT INTO `nav_sites` VALUES (11807, 10001, 1143, '好奇心日报', 278, 'http://www.qdaily.com/', '', 1642, 1);
INSERT INTO `nav_sites` VALUES (11808, 10001, 1143, 'NEXT', 279, 'http://next.36kr.com/', '', 1643, 1);
INSERT INTO `nav_sites` VALUES (11809, 10001, 1143, '我爱玩应用', 280, 'http://www.wooaii.com/', '', 1644, 1);
INSERT INTO `nav_sites` VALUES (11810, 10001, 1139, 'YTB下载', 495, 'https://zh.savefrom.net/', '', 0, 1);
INSERT INTO `nav_sites` VALUES (11811, 10001, 1139, 'youtube下载', 494, 'http://youtube.online-downloader.com/index-Chinese', '', 1, 1);
INSERT INTO `nav_sites` VALUES (11812, 10001, 1143, '智友论坛', 276, 'http://bbs.zhiyoo.com/forum-2-1.html', '', 1639, 1);
INSERT INTO `nav_sites` VALUES (11813, 10001, 1139, 'vvv文档', 631, 'http://wenku.baiduvvv.com/doc/', '百度文库', 1000, 1);
INSERT INTO `nav_sites` VALUES (11814, 10001, 1139, '文库下载', 587, 'http://www.ebuymed.cn/', '', 2, 1);
INSERT INTO `nav_sites` VALUES (11815, 10001, 1139, '皮皮虾文库', 643, 'http://www.wenkuwenku.com/', '百度文库、豆丁文档等在线文档阅读、下载', 1000, 1);
INSERT INTO `nav_sites` VALUES (11816, 10001, 1139, '视频鱼', 602, 'http://www.shipinyu.cn/', '', 1000, 1);
INSERT INTO `nav_sites` VALUES (11817, 10001, 1139, '视频解析', 507, 'https://www.parsevideo.com/', '', 1000, 1);
INSERT INTO `nav_sites` VALUES (11818, 10001, 1145, '易破解', 766, 'http://www.ypojie.com/', '', 1, 1);
INSERT INTO `nav_sites` VALUES (11819, 10001, 1145, 'CrackPatch', 767, 'https://crackingpatching.com/', '', 2, 1);
INSERT INTO `nav_sites` VALUES (11820, 10001, 1146, 'KIM主页', 302, 'https://www.zhuye.kim/', '', 0, 1);
INSERT INTO `nav_sites` VALUES (11821, 10001, 1146, '兰客导航', 511, 'http://lackk.com/nav/', '集众多网站导航优点于一身', 1, 1);
INSERT INTO `nav_sites` VALUES (11824, 10001, 1146, '某柠檬', 305, 'http://www.moulem.com/', '', 5, 1);
INSERT INTO `nav_sites` VALUES (11827, 10001, 1146, '龙轩导航', 306, 'http://ilxdh.com/', '', 8, 1);
INSERT INTO `nav_sites` VALUES (11830, 10001, 1146, '看国外', 309, 'http://www.kanguowai.com/', '', 11, 1);
INSERT INTO `nav_sites` VALUES (11831, 10001, 1146, '大数据导航', 191, 'https://www.afenxi.com/hao', '', 12, 1);
INSERT INTO `nav_sites` VALUES (11832, 10001, 1146, 'Egouz', 310, 'http://www.egouz.com/', '国外网址大全', 12, 1);
INSERT INTO `nav_sites` VALUES (11833, 10001, 1146, '效率集', 311, 'http://www.xiaolvji.com/', '', 13, 1);
INSERT INTO `nav_sites` VALUES (11836, 10001, 1146, '奇草导航', 313, 'https://www.qicao.cn/', '个人原创博客导航', 16, 1);
INSERT INTO `nav_sites` VALUES (11837, 10001, 1146, '万花筒', 481, 'https://wht.im/', '', 18, 1);
INSERT INTO `nav_sites` VALUES (11840, 10001, 1146, 'addDog', 676, 'http://www.addog.vip/', '广告人的网址导航', 20, 1);
INSERT INTO `nav_sites` VALUES (11849, 10001, 1146, '最美网站', 765, 'https://zuimeix.com/', '', 1005, 1);
INSERT INTO `nav_sites` VALUES (11850, 10001, 1146, '龙喵网', 768, 'http://ailongmiao.com/', '', 1006, 1);
INSERT INTO `nav_sites` VALUES (11916, 10001, 1151, '儿童绘本', 657, 'http://www.childrensbooksforever.com/', '', 1000, 1);
INSERT INTO `nav_sites` VALUES (11917, 10001, 1151, '语文迷', 697, 'http://www.yuwenmi.com/', '', 1001, 1);
INSERT INTO `nav_sites` VALUES (11918, 10001, 1151, '中少绘本', 712, 'http://111.205.102.251:8090/Home/', '', 1002, 1);
INSERT INTO `nav_sites` VALUES (11920, 10001, 1151, '兔耳故事', 743, 'http://www.tuer123.com/', '', 1003, 1);
INSERT INTO `nav_sites` VALUES (11975, 10001, 1156, '亿欧网', 193, 'https://www.iyiou.com/', '', 1538, 1);
INSERT INTO `nav_sites` VALUES (11976, 10001, 1156, '产品经理', 195, 'http://www.woshipm.com/', '', 1540, 1);
INSERT INTO `nav_sites` VALUES (11977, 10001, 1156, '经理人', 196, 'http://www.sino-manager.com/', '', 1541, 1);
INSERT INTO `nav_sites` VALUES (11978, 10001, 1156, '世界经理人', 197, 'http://www.ceconline.com/', '', 1542, 1);
INSERT INTO `nav_sites` VALUES (11979, 10001, 1156, '产品壹佰', 198, 'http://www.chanpin100.com/', '', 1543, 1);
INSERT INTO `nav_sites` VALUES (11980, 10001, 1156, '砍柴网', 199, 'http://www.ikanchai.com/', '', 1544, 1);
INSERT INTO `nav_sites` VALUES (11981, 10001, 1156, '新芽网', 200, 'http://www.newseed.cn/', '', 1545, 1);
INSERT INTO `nav_sites` VALUES (11982, 10001, 1156, '投资界', 194, 'http://www.pedaily.cn/', '', 1539, 1);
INSERT INTO `nav_sites` VALUES (11983, 10001, 1156, '勺子课堂', 201, 'https://www.shaoziketang.com/', '', 1546, 1);
INSERT INTO `nav_sites` VALUES (11984, 10001, 1156, '联商网', 202, 'http://www.linkshop.com.cn/', '', 1547, 1);
INSERT INTO `nav_sites` VALUES (11985, 10001, 1156, '产业新干线', 729, 'https://www.jinluoo.com/', '', 1548, 1);
INSERT INTO `nav_sites` VALUES (11986, 10001, 1157, '智联招聘', 168, 'http://www.zhaopin.com/', '', 1509, 1);
INSERT INTO `nav_sites` VALUES (11987, 10001, 1157, 'BOSS直聘', 170, 'https://www.zhipin.com/', '', 1511, 1);
INSERT INTO `nav_sites` VALUES (11988, 10001, 1157, '拉勾网', 171, 'https://www.lagou.com/', '', 1512, 1);
INSERT INTO `nav_sites` VALUES (11989, 10001, 1157, '猎聘网', 172, 'https://www.liepin.com/', '', 1513, 1);
INSERT INTO `nav_sites` VALUES (11990, 10001, 1157, '实习僧', 759, 'https://www.shixiseng.com/', '', 1514, 1);
INSERT INTO `nav_sites` VALUES (11992, 10001, 1157, '前程无忧', 169, 'http://www.51job.com/', '', 1510, 1);
INSERT INTO `nav_sites` VALUES (11993, 10001, 1159, '人大经济', 752, 'https://bbs.pinggu.org/', '', 1002, 1);
INSERT INTO `nav_sites` VALUES (11994, 10001, 1159, '百度指数', 162, 'http://index.baidu.com/', '', 1501, 1);
INSERT INTO `nav_sites` VALUES (11995, 10001, 1159, '360趋势', 167, 'https://trends.so.com/', '', 1506, 1);
INSERT INTO `nav_sites` VALUES (11998, 10001, 1159, '发现报告', 774, 'https://www.fxbaogao.com', '', 1508, 1);
INSERT INTO `nav_sites` VALUES (11999, 10001, 1162, '贝太厨房', 43, 'http://www.beitaichufang.com/', '', 48, 1);
INSERT INTO `nav_sites` VALUES (12000, 10001, 1162, '下厨房', 44, 'http://www.xiachufang.com/', '', 49, 1);
INSERT INTO `nav_sites` VALUES (12001, 10001, 1162, '好豆网', 45, 'http://www.haodou.com/', '', 50, 1);
INSERT INTO `nav_sites` VALUES (12002, 10001, 1162, '豆果美食', 46, 'http://www.douguo.com/', '', 51, 1);
INSERT INTO `nav_sites` VALUES (12003, 10001, 1162, '美食天下', 47, 'https://www.meishichina.com/', '', 52, 1);
INSERT INTO `nav_sites` VALUES (12004, 10001, 1162, '零食控', 48, 'http://www.lingshikong.com/', '', 53, 1);
INSERT INTO `nav_sites` VALUES (12005, 10001, 1162, '西  厨', 49, 'http://ceechoo.com/', '', 55, 1);
INSERT INTO `nav_sites` VALUES (12006, 10001, 1162, '吃在中国', 485, 'http://eatinchina.net/', 'Eat in China', 56, 1);
INSERT INTO `nav_sites` VALUES (12007, 10001, 1162, '红餐网', 50, 'http://www.canyin88.com/', '', 57, 1);
INSERT INTO `nav_sites` VALUES (12008, 10001, 1162, 'eHow', 629, 'https://www.ehow.com/', '', 1000, 1);
INSERT INTO `nav_sites` VALUES (12009, 10001, 1162, '大厨网', 728, 'https://zh.dachu.co/', '', 1001, 1);
INSERT INTO `nav_sites` VALUES (12011, 10001, 1162, 'EnJoy', 65, 'https://enjoy.ricebook.com/', '精选美食电商', 54, 1);
INSERT INTO `nav_sites` VALUES (12012, 10001, 1160, '淘宝网', 4, 'https://www.taobao.com/', '', 4, 1);
INSERT INTO `nav_sites` VALUES (12013, 10001, 1160, '京 东', 5, 'http://www.jd.com/', '', 5, 1);
INSERT INTO `nav_sites` VALUES (12014, 10001, 1160, 'Amazon', 22, 'http://www.amazon.cn/', '', 23, 1);
INSERT INTO `nav_sites` VALUES (12015, 10001, 1160, '苏宁易购', 34, 'https://www.suning.com/', '', 38, 1);
INSERT INTO `nav_sites` VALUES (12016, 10001, 1160, '国美在线', 35, 'https://www.gome.com.cn/', '', 39, 1);
INSERT INTO `nav_sites` VALUES (12017, 10001, 1160, '猪八戒', 62, 'https://www.zbj.com/', '', 40, 1);
INSERT INTO `nav_sites` VALUES (12018, 10001, 1160, '58同城', 36, 'http://58.com/', '', 41, 1);
INSERT INTO `nav_sites` VALUES (12019, 10001, 1160, '美团网', 37, 'http://www.meituan.com/', '', 42, 1);
INSERT INTO `nav_sites` VALUES (12020, 10001, 1160, '大众点评', 38, 'http://www.dianping.com/', '', 43, 1);
INSERT INTO `nav_sites` VALUES (12021, 10001, 1160, '搜房网', 40, 'http://www.fang.com/', '', 45, 1);
INSERT INTO `nav_sites` VALUES (12022, 10001, 1160, '安居客', 41, 'http://www.anjuke.com/', '', 46, 1);
INSERT INTO `nav_sites` VALUES (12023, 10001, 1160, '聚划算', 42, 'https://ju.taobao.com/', '', 47, 1);
INSERT INTO `nav_sites` VALUES (12024, 10001, 1161, 'FaceBook', 2, 'https://www.facebook.com/', '', 2, 1);
INSERT INTO `nav_sites` VALUES (12025, 10001, 1161, 'Twitter', 3, 'https://twitter.com/', '', 3, 1);
INSERT INTO `nav_sites` VALUES (12026, 10001, 1161, '百度贴吧', 51, 'https://tieba.baidu.com/', '', 58, 1);
INSERT INTO `nav_sites` VALUES (12027, 10001, 1161, '简  书', 52, 'https://www.jianshu.com/', '', 59, 1);
INSERT INTO `nav_sites` VALUES (12028, 10001, 1161, '微博', 54, 'https://weibo.com/', '', 61, 1);
INSERT INTO `nav_sites` VALUES (12029, 10001, 1161, 'Tumblr', 58, 'https://www.tumblr.com/', '汤不热', 67, 1);
INSERT INTO `nav_sites` VALUES (12030, 10001, 1161, '一 言', 562, 'https://hitokoto.cn/', '', 1000, 1);
INSERT INTO `nav_sites` VALUES (12031, 10001, 1161, 'Pinterest', 215, 'https://www.pinterest.com/', '寻找新点子', 1563, 1);
INSERT INTO `nav_sites` VALUES (12032, 10001, 1161, 'Gitter', 320, 'https://gitter.im/', '', 1698, 1);
INSERT INTO `nav_sites` VALUES (12033, 10001, 1161, '社交故事', 739, 'https://www.wattpad.com/', '社交讲故事平台', 1717, 1);
INSERT INTO `nav_sites` VALUES (12063, 10001, 1168, '知 乎', 180, 'https://www.zhihu.com/', '', 0, 1);
INSERT INTO `nav_sites` VALUES (12064, 10001, 1168, '果 壳', 181, 'https://www.guokr.com/', '', 1, 1);
INSERT INTO `nav_sites` VALUES (12065, 10001, 1168, 'WikiHow', 185, 'https://zh.wikihow.com/', '', 2, 1);
INSERT INTO `nav_sites` VALUES (12067, 10001, 1168, '数字科技馆', 641, 'https://www.cdstm.cn/', '中国数字科技馆是中国科协、教育部、中科院共建的一个基于互联网传播的国家级公益性科普服务平台', 4, 1);
INSERT INTO `nav_sites` VALUES (12069, 10001, 1168, 'StackEx', 182, 'https://stackexchange.com/', '', 5, 1);
INSERT INTO `nav_sites` VALUES (12071, 10001, 1168, 'Quora', 184, 'https://www.quora.com/', '', 7, 1);
INSERT INTO `nav_sites` VALUES (12072, 10001, 1168, 'Answers', 344, 'http://www.answers.com/', '', 8, 1);
INSERT INTO `nav_sites` VALUES (12073, 10001, 1168, '十万为什么', 491, 'http://www.10why.net/', '', 9, 1);
INSERT INTO `nav_sites` VALUES (12074, 10001, 1168, '法 言', 365, 'http://lawtalks.cn/', '', 10, 1);
INSERT INTO `nav_sites` VALUES (12075, 10001, 1168, 'Sofa', 367, 'http://sofasofa.io/', '数据科学问答社区', 12, 1);
INSERT INTO `nav_sites` VALUES (12076, 10001, 1168, '极客起源', 368, 'https://geekori.com/', '', 13, 1);
INSERT INTO `nav_sites` VALUES (12077, 10001, 1168, '搜外问答', 369, 'https://ask.seowhy.com/', '专注SEO问答', 14, 1);
INSERT INTO `nav_sites` VALUES (12078, 10001, 1168, '悟空问答', 385, 'https://www.wukong.com/', '', 16, 1);
INSERT INTO `nav_sites` VALUES (12079, 10001, 1168, 'SOverflow', 389, 'https://stackoverflow.com/', '计算机问答', 17, 1);
INSERT INTO `nav_sites` VALUES (12080, 10001, 1168, 'ITValue', 371, 'http://www.itvalue.com.cn/', 'CIO的问答平台', 15, 1);
INSERT INTO `nav_sites` VALUES (12082, 10001, 1168, '中国哲学', 583, 'https://ctext.org/zhs', '', 19, 1);
INSERT INTO `nav_sites` VALUES (12083, 10001, 1168, '昆 虫', 711, 'http://microsculpture.net/', '可以无限放大看昆虫', 20, 1);
INSERT INTO `nav_sites` VALUES (12084, 10001, 1169, '慕课网', 144, 'https://www.imooc.com/', '', 0, 1);
INSERT INTO `nav_sites` VALUES (12085, 10001, 1169, '译学馆', 605, 'https://yxgapp.com/', '', 1, 1);
INSERT INTO `nav_sites` VALUES (12086, 10001, 1169, '学堂在线', 556, 'http://www.xuetangx.com/', '', 2, 1);
INSERT INTO `nav_sites` VALUES (12087, 10001, 1169, '网易公开课', 219, 'https://open.163.com/', '', 3, 1);
INSERT INTO `nav_sites` VALUES (12088, 10001, 1169, '腾讯课堂', 149, 'http://ke.qq.com/', '', 4, 1);
INSERT INTO `nav_sites` VALUES (12089, 10001, 1169, '宁皓网', 449, 'https://ninghao.net/', '', 5, 1);
INSERT INTO `nav_sites` VALUES (12090, 10001, 1169, 'DevOpen', 448, 'https://devopen.club/', '', 6, 1);
INSERT INTO `nav_sites` VALUES (12091, 10001, 1169, '网易云课堂', 150, 'http://study.163.com/', '', 7, 1);
INSERT INTO `nav_sites` VALUES (12092, 10001, 1169, '菜鸟教程', 151, 'http://www.runoob.com/', '', 8, 1);
INSERT INTO `nav_sites` VALUES (12093, 10001, 1169, '牛客网', 152, 'https://www.nowcoder.com/', '', 9, 1);
INSERT INTO `nav_sites` VALUES (12094, 10001, 1169, 'Leetcode', 153, 'https://leetcode-cn.com/', '提升技术水平,迎接技术挑战', 10, 1);
INSERT INTO `nav_sites` VALUES (12095, 10001, 1169, '一 席', 145, 'http://yixi.tv/', '', 11, 1);
INSERT INTO `nav_sites` VALUES (12096, 10001, 1169, '可汗学院', 220, 'https://zh-hans.khanacademy.org/', '一切皆可学,所有免费', 12, 1);
INSERT INTO `nav_sites` VALUES (12097, 10001, 1169, '计蒜客', 221, 'https://www.jisuanke.com/', '', 13, 1);
INSERT INTO `nav_sites` VALUES (12098, 10001, 1169, 'Vocabulary', 222, 'https://www.vocabulary.com/', '背单词', 14, 1);
INSERT INTO `nav_sites` VALUES (12099, 10001, 1169, '优 米', 223, 'http://www.youmi.cn/', '', 15, 1);
INSERT INTO `nav_sites` VALUES (12100, 10001, 1169, '好知网', 224, 'http://www.howzhi.com/', '', 16, 1);
INSERT INTO `nav_sites` VALUES (12101, 10001, 1169, 'myoops', 494, 'http://www.myoops.org/', '影像课程', 17, 1);
INSERT INTO `nav_sites` VALUES (12102, 10001, 1169, '好学网', 225, 'http://www.haoxue.com/', '中小学在线教育', 18, 1);
INSERT INTO `nav_sites` VALUES (12103, 10001, 1169, '实验楼', 226, 'https://www.shiyanlou.com/', '', 19, 1);
INSERT INTO `nav_sites` VALUES (12104, 10001, 1169, 'doyoudo', 345, 'http://doyoudo.com/', '', 20, 1);
INSERT INTO `nav_sites` VALUES (12105, 10001, 1169, '多 贝', 227, 'http://www.duobei.com/', '', 21, 1);
INSERT INTO `nav_sites` VALUES (12106, 10001, 1169, '51自学', 228, 'http://www.51zxw.net/', '', 22, 1);
INSERT INTO `nav_sites` VALUES (12107, 10001, 1169, '高高手', 229, 'http://www.gogoup.com/', '', 23, 1);
INSERT INTO `nav_sites` VALUES (12108, 10001, 1169, '沪江英语', 230, 'http://www.hjenglish.com/', '', 24, 1);
INSERT INTO `nav_sites` VALUES (12109, 10001, 1169, '高数教学', 410, 'http://math.fudan.edu.cn/gdsx/TUSG.htm', '', 25, 1);
INSERT INTO `nav_sites` VALUES (12110, 10001, 1169, 'Rails365', 446, 'https://www.rails365.net/', '', 26, 1);
INSERT INTO `nav_sites` VALUES (12111, 10001, 1169, '轻课堂', 447, 'https://www.edurt.com/', '', 27, 1);
INSERT INTO `nav_sites` VALUES (12112, 10001, 1169, '编程学院', 555, 'https://www.programschool.com/', '', 28, 1);
INSERT INTO `nav_sites` VALUES (12113, 10001, 1169, '猿 学', 603, 'http://www.yuanxue365.com/', '', 29, 1);
INSERT INTO `nav_sites` VALUES (12114, 10001, 1169, '清华计算机', 598, 'http://ke.yzqz.cn/qh/', '', 30, 1);
INSERT INTO `nav_sites` VALUES (12115, 10001, 1169, 'ABCya', 585, 'http://www.abcya.com/', '儿童教育游戏', 31, 1);
INSERT INTO `nav_sites` VALUES (12116, 10001, 1169, '果汁英语', 630, 'http://guozhivip.com/', '', 32, 1);
INSERT INTO `nav_sites` VALUES (12117, 10001, 1169, '牛津儿童', 637, 'https://www.oxfordowl.co.uk/', '', 33, 1);
INSERT INTO `nav_sites` VALUES (12118, 10001, 1169, 'Coursade', 671, 'http://www.coursade.com/', '公开课查找', 1000, 1);
INSERT INTO `nav_sites` VALUES (12119, 10001, 1169, '鱼C', 698, 'https://ilovefishc.com/', '', 1001, 1);
INSERT INTO `nav_sites` VALUES (12120, 10001, 1170, '熊猫盘', 623, 'http://xiongmaopan.com/', '', 1000, 1);
INSERT INTO `nav_sites` VALUES (12121, 10001, 1170, '公开课记录', 497, 'http://www.opclass.com/', '', 1594, 1);
INSERT INTO `nav_sites` VALUES (12122, 10001, 1170, '行者物语', 240, 'http://www.xzwyu.com/', '', 1595, 1);
INSERT INTO `nav_sites` VALUES (12123, 10001, 1170, '纪录片天地', 478, 'http://www.jlpcn.net/', '', 1596, 1);
INSERT INTO `nav_sites` VALUES (12124, 10001, 1170, 'Bilibili记录', 241, 'https://www.bilibili.com/video/tech-popular-science-1.html', '', 1597, 1);
INSERT INTO `nav_sites` VALUES (12125, 10001, 1168, '全历史', 640, 'https://www.allhistory.com/', '全历史(Allhistory）以AI知识图谱为核心引擎，通过高度时空化、关联化数据的方式构造及展现数字人文内容', 1000, 1);
INSERT INTO `nav_sites` VALUES (12126, 10001, 1168, '东里书斋', 76, 'http://www.donglishuzhai.net/', '', 1000, 1);
INSERT INTO `nav_sites` VALUES (12127, 10001, 1170, '响巢记录', 346, 'http://jilupian.kankan.com/', '', 1599, 1);
INSERT INTO `nav_sites` VALUES (12129, 10001, 1172, '爱奇艺', 131, 'http://www.iqiyi.com/', '', 1, 1);
INSERT INTO `nav_sites` VALUES (12130, 10001, 1172, '芒果TV', 125, 'https://www.mgtv.com/', '', 2, 1);
INSERT INTO `nav_sites` VALUES (12131, 10001, 1172, '腾讯视频', 126, 'http://v.qq.com/', '', 3, 1);
INSERT INTO `nav_sites` VALUES (12132, 10001, 1172, '土 豆', 128, 'http://www.tudou.com/', '', 5, 1);
INSERT INTO `nav_sites` VALUES (12133, 10001, 1172, '搜狐视频', 129, 'http://tv.sohu.com/', '', 6, 1);
INSERT INTO `nav_sites` VALUES (12134, 10001, 1172, '优 酷', 127, 'http://www.youku.com/', '', 4, 1);
INSERT INTO `nav_sites` VALUES (12135, 10001, 1172, '场 库', 530, 'https://www.vmovier.com/', '高品质短片分享平台', 8, 1);
INSERT INTO `nav_sites` VALUES (12136, 10001, 1172, '数英网', 531, 'https://www.digitaling.com/', '广告创意视频,数字媒体网站', 9, 1);
INSERT INTO `nav_sites` VALUES (12137, 10001, 1172, 'Mtime', 239, 'http://www.mtime.com/', '', 10, 1);
INSERT INTO `nav_sites` VALUES (12138, 10001, 1172, '电影天堂', 479, 'https://www.dy2018.com/', '', 11, 1);
INSERT INTO `nav_sites` VALUES (12139, 10001, 1172, 'Bilibili', 241, 'https://www.bilibili.com/', '', 12, 1);
INSERT INTO `nav_sites` VALUES (12140, 10001, 1172, '央视网', 130, 'http://www.cctv.com/', '', 7, 1);
INSERT INTO `nav_sites` VALUES (12143, 10001, 1172, '电波字幕', 245, 'http://dbfansub.com/', '', 16, 1);
INSERT INTO `nav_sites` VALUES (12144, 10001, 1172, 'Sub-HD', 343, 'http://subhd.com/', '字幕搜索下载', 13, 1);
INSERT INTO `nav_sites` VALUES (12145, 10001, 1172, '射手网', 249, 'http://assrt.net/', '', 17, 1);
INSERT INTO `nav_sites` VALUES (12146, 10001, 1172, '全视频', 391, 'http://www.qsptv.com/', '', 18, 1);
INSERT INTO `nav_sites` VALUES (12147, 10001, 1172, '自由无二', 393, 'http://www.free52.com/', '', 20, 1);
INSERT INTO `nav_sites` VALUES (12152, 10001, 1172, '电影蜜蜂', 647, 'https://www.dybee.tv/', '', 1000, 1);
INSERT INTO `nav_sites` VALUES (12153, 10001, 1174, '国际乐谱库', 659, 'https://cn.imslp.org/', '', 1000, 1);
INSERT INTO `nav_sites` VALUES (12154, 10001, 1174, '摆渡一下', 533, 'http://www.baiduonce.com/index.html', '', 1000, 1);
INSERT INTO `nav_sites` VALUES (12155, 10001, 1174, '网易音乐', 373, 'https://music.163.com/', '', 1484, 1);
INSERT INTO `nav_sites` VALUES (12156, 10001, 1174, 'QQ音乐', 147, 'https://y.qq.com/', '', 1485, 1);
INSERT INTO `nav_sites` VALUES (12158, 10001, 1174, '红嘴鸥', 246, 'http://www.hzou.net/', '', 1604, 1);
INSERT INTO `nav_sites` VALUES (12159, 10001, 1174, 'echo回声', 247, 'http://www.app-echo.com/#/', '', 1605, 1);
INSERT INTO `nav_sites` VALUES (12160, 10001, 1174, '豆瓣FM', 148, 'https://douban.fm/', '', 1486, 1);
INSERT INTO `nav_sites` VALUES (12161, 10001, 1174, '爱乐谱', 248, 'http://www.yuesir.com/ipu/', '', 1606, 1);
INSERT INTO `nav_sites` VALUES (12162, 10001, 1174, '虾米音乐', 374, 'http://www.xiami.com/', '', 1607, 1);
INSERT INTO `nav_sites` VALUES (12163, 10001, 1173, '堆  糖', 134, 'https://www.duitang.com/', '', 295, 1);
INSERT INTO `nav_sites` VALUES (12164, 10001, 1173, '护花网', 135, 'http://www.aihuhua.com/', '', 296, 1);
INSERT INTO `nav_sites` VALUES (12165, 10001, 1173, '花瓣网', 136, 'http://huaban.com/', 'http://huabanpro.com/陪你做生活的设计师', 297, 1);
INSERT INTO `nav_sites` VALUES (12166, 10001, 1173, '植物之家', 138, 'https://www.zw3e.com/', '', 299, 1);
INSERT INTO `nav_sites` VALUES (12167, 10001, 1173, '绿野户外', 139, 'http://www.lvye.cn/', '', 300, 1);
INSERT INTO `nav_sites` VALUES (12168, 10001, 1173, '穷游网', 140, 'https://www.qyer.com/', '', 301, 1);
INSERT INTO `nav_sites` VALUES (12169, 10001, 1173, '植物图像库', 213, 'http://www.plantphoto.cn/', '', 1560, 1);
INSERT INTO `nav_sites` VALUES (12170, 10001, 1175, '创意导航', 564, 'https://creativemass.cn/#/', '', 1000, 1);
INSERT INTO `nav_sites` VALUES (12171, 10001, 1175, 'TOPS', 610, 'https://www.topys.cn/', '抢先知晓全球最新鲜、最棒的创意资讯，扩充你的灵感库', 1000, 1);
INSERT INTO `nav_sites` VALUES (12172, 10001, 1175, '梅花网', 786, 'https://www.meihua.info/', '营销作品宝库', 1005, 1);
INSERT INTO `nav_sites` VALUES (12173, 10001, 1175, '营销案例', 787, 'https://hd.weibo.com/case/index/index', '', 1006, 1);
INSERT INTO `nav_sites` VALUES (12175, 10001, 1176, 'Fotor', 156, 'https://www.fotor.com/cn/index.html', '', 0, 1);
INSERT INTO `nav_sites` VALUES (12176, 10001, 1176, '图虫网', 404, 'https://tuchong.com/', '', 1, 1);
INSERT INTO `nav_sites` VALUES (12177, 10001, 1176, '中国色', 159, 'http://zhongguose.com/', '', 2, 1);
INSERT INTO `nav_sites` VALUES (12178, 10001, 1175, '传媒作品', 788, 'http://www.mid2007.com/productclass.html', '', 1007, 1);
INSERT INTO `nav_sites` VALUES (12179, 10001, 1176, '色 彩', 157, 'http://www.peise.net/color/', '', 3, 1);
INSERT INTO `nav_sites` VALUES (12180, 10001, 1176, '千图网', 284, 'http://www.58pic.com/', '', 4, 1);
INSERT INTO `nav_sites` VALUES (12181, 10001, 1176, '阿里图标', 21, 'http://www.iconfont.cn/', '', 4, 1);
INSERT INTO `nav_sites` VALUES (12182, 10001, 1176, 'PNG素材', 285, 'http://pngimg.com/', '', 6, 1);
INSERT INTO `nav_sites` VALUES (12183, 10001, 1176, '配色设计', 157, 'http://www.peise.net/tools/web/', '', 7, 1);
INSERT INTO `nav_sites` VALUES (12184, 10001, 1176, '文字拼图', 286, 'https://wordart.com/', '', 8, 1);
INSERT INTO `nav_sites` VALUES (12185, 10001, 1176, '全景网', 287, 'http://www.quanjing.com/', '', 9, 1);
INSERT INTO `nav_sites` VALUES (12186, 10001, 1176, '7MX', 288, 'http://7mx.com/', '', 10, 1);
INSERT INTO `nav_sites` VALUES (12187, 10001, 1176, 'PixaBay', 289, 'https://pixabay.com/', '免版权图片', 11, 1);
INSERT INTO `nav_sites` VALUES (12188, 10001, 1176, '500px', 290, 'https://500px.com/', '', 12, 1);
INSERT INTO `nav_sites` VALUES (12189, 10001, 1176, 'gratiso', 291, 'https://gratisography.com/', '', 13, 1);
INSERT INTO `nav_sites` VALUES (12190, 10001, 1176, '小森平音效', 348, 'http://taira-komori.jpn.org/freesoundcn.html', '', 14, 1);
INSERT INTO `nav_sites` VALUES (12191, 10001, 1176, '音效网', 293, 'http://www.yisell.com/', '', 15, 1);
INSERT INTO `nav_sites` VALUES (12192, 10001, 1176, '站长字体', 294, 'http://font.chinaz.com/', '', 16, 1);
INSERT INTO `nav_sites` VALUES (12193, 10001, 1176, '求字体', 347, 'http://www.qiuziti.com/', '', 17, 1);
INSERT INTO `nav_sites` VALUES (12194, 10001, 1176, '字体转换', 295, 'http://www.diyiziti.com/', '', 18, 1);
INSERT INTO `nav_sites` VALUES (12195, 10001, 1176, '爱给音效', 315, 'http://www.aigei.com/sound/', '', 19, 1);
INSERT INTO `nav_sites` VALUES (12196, 10001, 1176, 'Loading', 682, 'https://loading.io/', '', 1000, 1);
INSERT INTO `nav_sites` VALUES (12197, 10001, 1176, '视觉中国', 532, 'https://www.vcg.com/', '', 1000, 1);
INSERT INTO `nav_sites` VALUES (12198, 10001, 1176, '逗比表情', 593, 'http://www.bee-ji.com/', '', 1000, 1);
INSERT INTO `nav_sites` VALUES (12199, 10001, 1176, 'CC Search', 649, 'https://search.creativecommons.org/', '开放版权的图片搜索服务', 1000, 1);
INSERT INTO `nav_sites` VALUES (12200, 10001, 1176, '搜图导航', 502, 'https://www.91sotu.com/', '强大且智能的设计师导航', 1000, 1);
INSERT INTO `nav_sites` VALUES (12201, 10001, 1177, '美工吧', 292, 'https://www.meigong8.com/', '', 1661, 1);
INSERT INTO `nav_sites` VALUES (12202, 10001, 1177, '设计导航', 297, 'http://hao.shejidaren.com/', '', 1668, 1);
INSERT INTO `nav_sites` VALUES (12203, 10001, 1177, '学UI', 298, 'http://hao.xueui.cn/', '', 1669, 1);
INSERT INTO `nav_sites` VALUES (12204, 10001, 1177, '牛大拿', 299, 'http://www.niudana.com/', '', 1670, 1);
INSERT INTO `nav_sites` VALUES (12205, 10001, 1177, '设计师', 296, 'http://hao.uisdc.com/', '', 1667, 1);
INSERT INTO `nav_sites` VALUES (12206, 10001, 1177, '全球工业设计前沿', 704, 'https://www.yankodesign.com/', '全球工业设计前沿', 1672, 1);
INSERT INTO `nav_sites` VALUES (12209, 10001, 1179, '凤凰网', 53, 'https://www.ifeng.com/', '', 0, 1);
INSERT INTO `nav_sites` VALUES (12210, 10001, 1177, '饭团导航', 300, 'http://hao.psefan.com/', '', 1671, 1);
INSERT INTO `nav_sites` VALUES (12211, 10001, 1179, 'Solidot', 429, 'https://www.solidot.org/', '', 1, 1);
INSERT INTO `nav_sites` VALUES (12212, 10001, 1179, '新浪网', 55, 'https://www.sina.com.cn/', '', 3, 1);
INSERT INTO `nav_sites` VALUES (12213, 10001, 1179, '谷歌新闻', 64, 'https://news.google.com/news/?hl=zh-CN&gl=CN&ned=cn', '', 4, 1);
INSERT INTO `nav_sites` VALUES (12214, 10001, 1179, '腾讯网', 56, 'http://www.qq.com/', '', 5, 1);
INSERT INTO `nav_sites` VALUES (12215, 10001, 1179, '搜  狐', 63, 'http://www.sohu.com/', '', 7, 1);
INSERT INTO `nav_sites` VALUES (12216, 10001, 1179, '网  易', 57, 'http://www.163.com/', '', 6, 1);
INSERT INTO `nav_sites` VALUES (12217, 10001, 1179, '澎湃新闻', 60, 'https://www.thepaper.cn/', '专注时政与思想', 8, 1);
INSERT INTO `nav_sites` VALUES (12218, 10001, 1179, 'Matters', 669, 'https://matters.news/', '一個自由、自主、永續的創作與公共討論空間', 2, 1);
INSERT INTO `nav_sites` VALUES (12219, 10001, 1179, '科学松鼠会', 87, 'http://songshuhui.net/', '', 10, 1);
INSERT INTO `nav_sites` VALUES (12220, 10001, 1179, 'InfoQ', 86, 'http://www.infoq.com/cn/', '', 9, 1);
INSERT INTO `nav_sites` VALUES (12221, 10001, 1179, '壹心理', 92, 'http://www.xinli001.com/', '', 12, 1);
INSERT INTO `nav_sites` VALUES (12222, 10001, 1179, '创意栖息', 99, 'http://ideaest.com/', '', 13, 1);
INSERT INTO `nav_sites` VALUES (12223, 10001, 1179, '爱稀奇', 100, 'http://www.ixiqi.com/', '', 14, 1);
INSERT INTO `nav_sites` VALUES (12224, 10001, 1179, '前瞻网', 418, 'https://www.qianzhan.com/', '发现趋势,预见未来', 15, 1);
INSERT INTO `nav_sites` VALUES (12225, 10001, 1179, 'FT中文网', 618, 'http://www.ftchinese.com/', '', 16, 1);
INSERT INTO `nav_sites` VALUES (12226, 10001, 1179, '推酷', 85, 'https://www.tuicool.com/', '', 97, 1);
INSERT INTO `nav_sites` VALUES (12227, 10001, 1179, '豆  瓣', 91, 'https://www.douban.com/', '', 11, 1);
INSERT INTO `nav_sites` VALUES (12228, 10001, 1179, '走 廊', 90, 'http://www.zoulang.com/', '', 102, 1);
INSERT INTO `nav_sites` VALUES (12229, 10001, 1179, '译言网', 93, 'http://www.yeeyan.org/', '', 105, 1);
INSERT INTO `nav_sites` VALUES (12230, 10001, 1183, '煎蛋', 98, 'http://jandan.net/', '地球上没有新鲜事', 111, 1);
INSERT INTO `nav_sites` VALUES (12232, 10001, 1179, '湾区日报', 707, 'https://wanqu.co/', '关注创业与技术', 1494, 1);
INSERT INTO `nav_sites` VALUES (12233, 10001, 1179, '知微事见', 718, 'http://ef.zhiweidata.com/#!/down', '', 1495, 1);
INSERT INTO `nav_sites` VALUES (12234, 10001, 1179, '今日热榜', 725, 'https://tophub.today/', '', 1496, 1);
INSERT INTO `nav_sites` VALUES (12235, 10001, 1179, '梅子搜报', 763, 'http://mz.soubao.net/', '', 1497, 1);
INSERT INTO `nav_sites` VALUES (12236, 10001, 1181, '钛媒体', 68, 'http://www.tmtpost.com/', '引领未来商业与生活新知', 70, 1);
INSERT INTO `nav_sites` VALUES (12237, 10001, 1181, '爱范儿', 70, 'https://www.ifanr.com/', '', 71, 1);
INSERT INTO `nav_sites` VALUES (12238, 10001, 1181, 'TechWeb', 82, 'http://www.techweb.com.cn/', '', 94, 1);
INSERT INTO `nav_sites` VALUES (12239, 10001, 1181, 'CnBeta', 83, 'https://www.cnbeta.com/', '', 95, 1);
INSERT INTO `nav_sites` VALUES (12240, 10001, 1181, '36氪', 88, 'http://36kr.com/', '让创业更简单', 100, 1);
INSERT INTO `nav_sites` VALUES (12241, 10001, 1181, 'Engadget', 89, 'https://cn.engadget.com/', '消费性电子产品评测和新闻', 101, 1);
INSERT INTO `nav_sites` VALUES (12242, 10001, 1181, '中关村ZOL', 96, 'http://detail.zol.com.cn/', '', 109, 1);
INSERT INTO `nav_sites` VALUES (12243, 10001, 1181, 'Koolshare', 653, 'http://koolshare.cn', '', 1000, 1);
INSERT INTO `nav_sites` VALUES (12244, 10001, 1181, '极客公园', 370, 'http://www.geekpark.net/', '', 2499, 1);
INSERT INTO `nav_sites` VALUES (12245, 10001, 1181, '人工智能', 382, 'http://www.aihot.net/', '', 4065, 1);
INSERT INTO `nav_sites` VALUES (12246, 10001, 1181, '新区块', 388, 'https://xinqukuai.cn/', '', 4071, 1);
INSERT INTO `nav_sites` VALUES (12247, 10001, 1181, '机器之心', 708, 'https://www.jiqizhixin.com/', '关注人工智能、机器人和神经认知科学', 4072, 1);
INSERT INTO `nav_sites` VALUES (12248, 10001, 1159, '新 榜', 164, 'https://www.newrank.cn/', '', 1503, 1);
INSERT INTO `nav_sites` VALUES (12249, 10001, 1159, '百度风云榜', 165, 'http://top.baidu.com/', '', 1504, 1);
INSERT INTO `nav_sites` VALUES (12250, 10001, 1159, '中国票房', 166, 'http://www.cbooo.cn/', '', 1505, 1);
INSERT INTO `nav_sites` VALUES (12251, 10001, 1183, '我勒个', 97, 'https://www.wolege.com/', '', 110, 1);
INSERT INTO `nav_sites` VALUES (12252, 10001, 1183, '暴走漫画', 383, 'http://baozoumanhua.com/', '', 4066, 1);
INSERT INTO `nav_sites` VALUES (12253, 10001, 1183, '网不易', 705, 'http://www.netnoease.com/', '原创的乐呵一下', 4067, 1);
INSERT INTO `nav_sites` VALUES (12254, 10001, 1183, '有趣网站', 762, 'http://123.kfd.me/', '', 4068, 1);
INSERT INTO `nav_sites` VALUES (15595, 10001, 1151, '宝宝吧', NULL, 'http://www.baobao88.com/', NULL, 6098, NULL);
INSERT INTO `nav_sites` VALUES (15596, 10001, 1130, '115网盘', 1248, 'https://www.115.com', NULL, 0, NULL);
INSERT INTO `nav_sites` VALUES (15609, 10000, 1128, '佰腾专利', 66, 'https://www.patexplorer.com/', '', 2, 0);
INSERT INTO `nav_sites` VALUES (15610, 10000, 1128, '大为专利', 416, 'http://www.innojoy.com/search/home.html', '', 14, 0);
INSERT INTO `nav_sites` VALUES (15611, 10000, 1128, '开放Libary', 632, 'http://www.oalib.com/', '', 1000, 0);
INSERT INTO `nav_sites` VALUES (15612, 10000, 1128, '国家哲学', 633, 'http://www.ncpssd.org/', '', 1000, 0);
INSERT INTO `nav_sites` VALUES (15613, 10000, 1128, '万千集合', 589, 'http://www.hejizhan.com/bbs/', '', 1000, 0);
INSERT INTO `nav_sites` VALUES (15614, 10000, 1128, '科研搜索', 319, 'http://so.sciencesoft.cn/', '', 1697, 0);
INSERT INTO `nav_sites` VALUES (15615, 10000, 1128, 'Anypaper', 318, 'https://luooqi.com/paper/search', '论文搜索,下载', 1696, 0);
INSERT INTO `nav_sites` VALUES (15616, 10000, 1128, 'AOL', 321, 'https://www.aolsearch.com/', '', 1699, 0);
INSERT INTO `nav_sites` VALUES (15617, 10000, 1128, '国家自然基金研究', 622, 'http://or.nsfc.gov.cn/', '国家自然科学基金基础研究知识库', 1000, 0);
INSERT INTO `nav_sites` VALUES (15618, 10000, 1128, 'MS学术', 340, 'https://academic.microsoft.com/', '', 1700, 0);
INSERT INTO `nav_sites` VALUES (15619, 10000, 1128, '领研网', 336, 'https://www.linkresearcher.com/', '', 1717, 0);
INSERT INTO `nav_sites` VALUES (15620, 10000, 1128, 'Sci-Hub', 322, 'https://sci-hub.tw/', '免费下载文献', 1701, 0);
INSERT INTO `nav_sites` VALUES (15621, 10000, 1128, 'Sci-Hub2', 323, 'http://sci-hub.is/', '', 1702, 0);
INSERT INTO `nav_sites` VALUES (15622, 10000, 1128, '科塔学术', 736, 'https://www.sciping.com/', '科研与学术资源导航平台', 6095, 0);
INSERT INTO `nav_sites` VALUES (15623, 10000, 1128, '喵咪论文', 745, 'https://lunwen.im/', '数据来源:sci-hub、oalib、findarticles、intechopen', 6096, 0);
INSERT INTO `nav_sites` VALUES (15624, 10000, 1128, '教材搜索', 749, 'http://www.hejizhan.com/html/search', '', 6098, 0);
INSERT INTO `nav_sites` VALUES (15625, 10000, 1127, '虫部落', 23, 'https://search.chongbuluo.com/', '一个神奇的搜索网站', 0, 0);
INSERT INTO `nav_sites` VALUES (15626, 10000, 1127, '自在饭', 553, 'https://www.zizaifan.com/cloud.html', '', 1, 0);
INSERT INTO `nav_sites` VALUES (15627, 10000, 1127, '多搜搜', 146, 'http://duososo.com/', '', 6, 0);
INSERT INTO `nav_sites` VALUES (15628, 10000, 1127, '读 秀', 26, 'https://www.duxiu.com/login.jsp', '', 3, 0);
INSERT INTO `nav_sites` VALUES (15629, 10000, 1127, 'PubMed', 27, 'http://www.medlive.cn/pubmed/', '中文版PubMed', 4, 0);
INSERT INTO `nav_sites` VALUES (15630, 10000, 1127, '一行代码', 332, 'https://www.alinecode.com/', '', 9, 0);
INSERT INTO `nav_sites` VALUES (15631, 10000, 1128, 'DOI', 386, 'http://dx.doi.org/', '下载文献', 11, 0);
INSERT INTO `nav_sites` VALUES (15632, 10000, 1127, '小不点', 468, 'https://www.xiaobd.net/', '', 12, 0);
INSERT INTO `nav_sites` VALUES (15633, 10000, 1127, '谷歌镜像', 317, 'http://ac.scmor.com/', '', 8, 0);
INSERT INTO `nav_sites` VALUES (15634, 10000, 1127, '电报资源搜索', 701, 'http://www.sssoou.com/', '', 1001, 0);
INSERT INTO `nav_sites` VALUES (15635, 10000, 1127, 'JFreeBook', 735, 'https://www.justfreebooks.info/', '', 1003, 0);
INSERT INTO `nav_sites` VALUES (15636, 10000, 1130, '百度网盘', 13, 'https://pan.baidu.com/', '', 1, 0);
INSERT INTO `nav_sites` VALUES (15637, 10000, 1130, '曲奇云盘', 444, 'https://quqi.com/', '', 3, 0);
INSERT INTO `nav_sites` VALUES (15638, 10000, 1130, '雷云网盘', 455, 'https://www.leiyun.org', '', 4, 0);
INSERT INTO `nav_sites` VALUES (15639, 10000, 1130, '网盘同步', 471, 'https://www.multcloud.com/index.jsp?rl=zh-CN#home', '', 5, 0);
INSERT INTO `nav_sites` VALUES (15640, 10000, 1130, '小麦云盘', 546, 'http://wp.own-cloud.cn/', '', 6, 0);
INSERT INTO `nav_sites` VALUES (15641, 10000, 1130, '公共网盘', 595, 'https://lm.qiqipip.ml/', '', 7, 0);
INSERT INTO `nav_sites` VALUES (15642, 10000, 1130, 'Cloudreve', 572, 'https://cloudreve.org/', '搭建网盘', 2, 0);
INSERT INTO `nav_sites` VALUES (15643, 10000, 1131, '百度地图', 16, 'https://map.baidu.com/', '', 0, 0);
INSERT INTO `nav_sites` VALUES (15644, 10000, 1131, '火车票', 18, 'https://kyfw.12306.cn/otn', '', 4, 0);
INSERT INTO `nav_sites` VALUES (15645, 10000, 1131, '微信公众号', 9, 'https://mp.weixin.qq.com/', '', 2, 0);
INSERT INTO `nav_sites` VALUES (15646, 10000, 1131, 'Google', 143, 'https://www.google.com/ncr', '', 5, 0);
INSERT INTO `nav_sites` VALUES (15647, 10000, 1131, '百度翻译', 14, 'http://fanyi.baidu.com/', '', 1, 0);
INSERT INTO `nav_sites` VALUES (15648, 10000, 1131, '谷歌翻译', 15, 'https://translate.google.cn/', '', 6, 0);
INSERT INTO `nav_sites` VALUES (15649, 10000, 1131, '薄荷网', 19, 'http://www.boohee.com/', '', 7, 0);
INSERT INTO `nav_sites` VALUES (15650, 10000, 1131, '小米云', 20, 'https://i.mi.com/#/', '', 8, 0);
INSERT INTO `nav_sites` VALUES (15651, 10000, 1131, '拷贝兔', 497, 'https://cp.anyknew.com/', '跨平台传文件', 9, 0);
INSERT INTO `nav_sites` VALUES (15652, 10000, 1131, '携 程', 776, 'https://www.ctrip.com/', '', 11, 0);
INSERT INTO `nav_sites` VALUES (15653, 10000, 1132, 'iSlide', 160, 'https://www.islide.cc/', '让PPT设计简单', 0, 0);
INSERT INTO `nav_sites` VALUES (15654, 10000, 1132, 'SmallPDF', 342, 'http://smallpdf.com/cn', '', 4, 0);
INSERT INTO `nav_sites` VALUES (15655, 10000, 1131, '石墨文档', 627, 'https://shimo.im/', '', 10, 0);
INSERT INTO `nav_sites` VALUES (15656, 10000, 1132, '文件转换器', 161, 'http://cn.office-converter.com/', '', 7, 0);
INSERT INTO `nav_sites` VALUES (15657, 10000, 1132, '奶牛快传', 500, 'https://cowtransfer.com/', '', 9, 0);
INSERT INTO `nav_sites` VALUES (15658, 10000, 1132, '图表秀', 341, 'http://www.tubiaoxiu.com/', '', 10, 0);
INSERT INTO `nav_sites` VALUES (15659, 10000, 1132, 'HiPDF', 504, 'https://www.hipdf.cn/', '', 13, 0);
INSERT INTO `nav_sites` VALUES (15660, 10000, 1132, '语雀', 656, 'https://www.yuque.com/', '专业的云端知识库', 16, 0);
INSERT INTO `nav_sites` VALUES (15661, 10000, 1132, '在线抠图', 661, 'https://www.gaoding.com/koutu', '', 17, 0);
INSERT INTO `nav_sites` VALUES (15662, 10000, 1132, '文档翻译', 604, 'https://www.onlinedoctranslator.com/', '', 19, 0);
INSERT INTO `nav_sites` VALUES (15663, 10000, 1132, '图片AI修复', 559, 'https://www.nvidia.com/research/inpainting/', '', 20, 0);
INSERT INTO `nav_sites` VALUES (15664, 10000, 1132, '图 说', 694, 'https://tushuo.baidu.com/', '百度图说，数据可视化', 3, 0);
INSERT INTO `nav_sites` VALUES (15665, 10000, 1132, 'FireSend', 594, 'https://send.firefox.com/', '', 21, 0);
INSERT INTO `nav_sites` VALUES (15666, 10000, 1132, 'TinyPng', 67, 'https://tinypng.com/', '图片在线压缩', 2, 0);
INSERT INTO `nav_sites` VALUES (15667, 10000, 1132, 'SEO查询', 30, 'http://seo.chinaz.com/', '', 8, 0);
INSERT INTO `nav_sites` VALUES (15668, 10000, 1132, '17ce', 32, 'https://www.17ce.com/', '网站测速', 11, 0);
INSERT INTO `nav_sites` VALUES (15669, 10000, 1132, 'RGB颜色', 33, 'http://www.sioe.cn/yingyong/yanse-rgb-16/', '', 12, 0);
INSERT INTO `nav_sites` VALUES (15670, 10000, 1132, '在线工具', 338, 'https://tool.lu/', '', 14, 0);
INSERT INTO `nav_sites` VALUES (15671, 10000, 1132, '草料二维码', 334, 'https://cli.im/', '', 6, 0);
INSERT INTO `nav_sites` VALUES (15672, 10000, 1132, '路过图床', 443, 'https://imgchr.com/', '', 15, 0);
INSERT INTO `nav_sites` VALUES (15673, 10000, 1132, '移除背景', 472, 'https://www.remove.bg/', '', 5, 0);
INSERT INTO `nav_sites` VALUES (15674, 10000, 1132, '爱资料工具', 761, 'https://www.toolnb.com/', '', 24, 0);
INSERT INTO `nav_sites` VALUES (15675, 10000, 1134, '腾讯地图', 17, 'https://map.qq.com/', '', 2, 0);
INSERT INTO `nav_sites` VALUES (15676, 10000, 1134, '高德地图', 423, 'https://www.amap.com/', '', 0, 0);
INSERT INTO `nav_sites` VALUES (15677, 10000, 1134, '挂号网', 39, 'https://www.guahao.com/', '互联网挂号', 3, 0);
INSERT INTO `nav_sites` VALUES (15678, 10000, 1134, '中午吃什么', 508, 'https://www.zwcsm.com/', '', 1, 0);
INSERT INTO `nav_sites` VALUES (15679, 10000, 1134, '360路由', 441, 'http://ihome.360.cn/', '', 4, 0);
INSERT INTO `nav_sites` VALUES (15680, 10000, 1134, '食物库', 714, 'https://www.hiyd.com/', '', 5, 0);
INSERT INTO `nav_sites` VALUES (15681, 10000, 1134, '食物数据', 715, 'http://www.phsciencedata.cn/Share/ky_sjml.jsp?id=577e0301-ab65-432a-9bb7-a8342302e589#', '官方', 6, 0);
INSERT INTO `nav_sites` VALUES (15682, 10000, 1136, 'PDFdrive', 102, 'http://www.pdfdrive.net/', '', 2, 0);
INSERT INTO `nav_sites` VALUES (15683, 10000, 1136, 'Booksee', 103, 'http://en.booksee.org/', '英文电子书库', 3, 0);
INSERT INTO `nav_sites` VALUES (15684, 10000, 1136, 'itEbooks', 104, 'http://it-ebooks.info/', 'IT电子书', 4, 0);
INSERT INTO `nav_sites` VALUES (15685, 10000, 1136, 'Library', 105, 'http://gen.lib.rus.ec/', '电子书库', 5, 0);
INSERT INTO `nav_sites` VALUES (15686, 10000, 1136, '书问搜索', 106, 'http://www.bookask.com/', '出版电子书搜索', 6, 0);
INSERT INTO `nav_sites` VALUES (15687, 10000, 1136, '鸠摩搜书', 107, 'https://www.jiumodiary.com/', '最强大的搜书引擎', 7, 0);
INSERT INTO `nav_sites` VALUES (15688, 10000, 1136, '读书小站', 549, 'http://ibooks.org.cn/', '为阅读而生,书籍下载', 8, 0);
INSERT INTO `nav_sites` VALUES (15689, 10000, 1136, '左岸读书', 113, 'http://www.zreading.cn/', '', 12, 0);
INSERT INTO `nav_sites` VALUES (15690, 10000, 1136, '走读派', 114, 'http://www.zoudupai.com/', '', 13, 0);
INSERT INTO `nav_sites` VALUES (15691, 10000, 1136, '书 伴', 115, 'https://bookfere.com/', '为静心阅读而生', 14, 0);
INSERT INTO `nav_sites` VALUES (15692, 10000, 1136, '好 读', 116, 'http://haodoo.net/', '', 15, 0);
INSERT INTO `nav_sites` VALUES (15693, 10000, 1136, '西 东', 231, 'http://xidong.net/', '学习资料共享', 18, 0);
INSERT INTO `nav_sites` VALUES (15694, 10000, 1136, 'kindle分享', 655, 'https://kindle.51nazhun.pub', '', 1000, 0);
INSERT INTO `nav_sites` VALUES (15695, 10000, 1136, '云海电子书', 658, 'http://www.pdfbook.cn/', '', 1000, 0);
INSERT INTO `nav_sites` VALUES (15696, 10000, 1136, 'SubRss', 722, 'https://wheremylife.cn', '在kindle上阅读rss订阅', 1001, 0);
INSERT INTO `nav_sites` VALUES (15697, 10000, 1136, 'Iread', 730, 'http://www.iread.cf/', '', 1002, 0);
INSERT INTO `nav_sites` VALUES (15698, 10000, 1136, 'ePUBw', 731, 'https://epubw.com/', '', 1003, 0);
INSERT INTO `nav_sites` VALUES (15699, 10000, 1136, '搬书匠', 760, 'http://www.banshujiang.cn/', '', 1006, 0);
INSERT INTO `nav_sites` VALUES (15700, 10000, 1137, '读万卷', 94, 'http://www.duwanjuan.cn/', '免费杂志在线阅读平台', 107, 0);
INSERT INTO `nav_sites` VALUES (15701, 10000, 1137, 'Magazine', 117, 'http://magazinelib.com/', '', 132, 0);
INSERT INTO `nav_sites` VALUES (15702, 10000, 1137, 'PDF之家', 118, 'http://www.pdfzj.com/', '', 133, 0);
INSERT INTO `nav_sites` VALUES (15703, 10000, 1137, '若蓝格', 119, 'http://www.ifblue.net/', '', 134, 0);
INSERT INTO `nav_sites` VALUES (15704, 10000, 1137, '走盘', 120, 'http://www.zoupan.com/', '', 136, 0);
INSERT INTO `nav_sites` VALUES (15705, 10000, 1137, '读者', 121, 'http://www.52duzhe.com/', '', 137, 0);
INSERT INTO `nav_sites` VALUES (15706, 10000, 1137, '意林', 122, 'http://www.92yilin.com/', '', 138, 0);
INSERT INTO `nav_sites` VALUES (15707, 10000, 1137, '故事会', 123, 'http://www.92gushi.com/', '', 139, 0);
INSERT INTO `nav_sites` VALUES (15708, 10000, 1137, 'YUDU杂志', 639, 'https://express.yudu.com/explore', '国外在线杂志阅读', 1000, 0);
INSERT INTO `nav_sites` VALUES (15709, 10000, 1138, '扩展迷', 489, 'https://extfans.com/extension-download', '提供Chrome扩展与插件的离线安装包下载', 1000, 0);
INSERT INTO `nav_sites` VALUES (15710, 10000, 1138, 'get-crx', 491, 'https://chrome-extension-downloader.com/', '', 1000, 0);
INSERT INTO `nav_sites` VALUES (15711, 10000, 1138, 'Get.CRX', 492, 'https://crxextractor.com/', '可以解压crx包', 1000, 0);
INSERT INTO `nav_sites` VALUES (15712, 10000, 1138, 'Chrome插件', 428, 'https://www.gugeapps.com/', '', 5301, 0);
INSERT INTO `nav_sites` VALUES (15713, 10000, 1138, 'Crx新浪下载', 490, 'https://yurl.sinaapp.com/crx.php', '', 1000, 0);
INSERT INTO `nav_sites` VALUES (15714, 10000, 1140, '吾爱破解', 250, 'http://www.52pojie.cn/', '', 0, 0);
INSERT INTO `nav_sites` VALUES (15715, 10000, 1140, '萌新网', 754, 'https://www.macxin.com/', '', 0, 0);
INSERT INTO `nav_sites` VALUES (15716, 10000, 1140, '殁漂遥', 251, 'https://www.laomoit.com/', '', 1, 0);
INSERT INTO `nav_sites` VALUES (15717, 10000, 1140, '异次元', 271, 'http://www.iplaysoft.com/', '', 2, 0);
INSERT INTO `nav_sites` VALUES (15718, 10000, 1140, '小众软件', 264, 'http://www.appinn.com/', '', 3, 0);
INSERT INTO `nav_sites` VALUES (15719, 10000, 1140, '爱情守望者', 258, 'https://www.waitsun.com/', '', 4, 0);
INSERT INTO `nav_sites` VALUES (15720, 10000, 1140, '玩转苹果', 257, 'http://www.ifunmac.com/', '', 5, 0);
INSERT INTO `nav_sites` VALUES (15721, 10000, 1140, 'mac独立', 474, 'https://josephchang10.github.io/chinese-indie-hackers/', '', 32, 0);
INSERT INTO `nav_sites` VALUES (15722, 10000, 1140, '酷安应用', 277, 'https://www.coolapk.com/apk/', '', 1640, 0);
INSERT INTO `nav_sites` VALUES (15723, 10000, 1141, '睿派克', 253, 'https://www.repaik.com/', '', 6, 0);
INSERT INTO `nav_sites` VALUES (15724, 10000, 1141, 'VirSCAN', 254, 'http://r.virscan.org/', '', 7, 0);
INSERT INTO `nav_sites` VALUES (15725, 10000, 1141, 'AppKed', 259, 'http://www.macbed.com/', '', 9, 0);
INSERT INTO `nav_sites` VALUES (15726, 10000, 1141, '苹果软件园', 260, 'http://www.maczapp.com/', '', 12, 0);
INSERT INTO `nav_sites` VALUES (15727, 10000, 1141, 'SoftAsm', 261, 'https://softasm.co/category/mac', '', 13, 0);
INSERT INTO `nav_sites` VALUES (15728, 10000, 1141, '远景论坛', 263, 'http://bbs.pcbeta.com/', '', 15, 0);
INSERT INTO `nav_sites` VALUES (15729, 10000, 1141, '安下载', 268, 'https://www.anxz.com/', '', 18, 0);
INSERT INTO `nav_sites` VALUES (15730, 10000, 1141, '微软软件', 269, 'http://msdn.itellyou.cn/?lang=zh-cn', '', 19, 0);
INSERT INTO `nav_sites` VALUES (15731, 10000, 1141, '生物软件园', 270, 'http://www.seekbio.com/soft/', '', 20, 0);
INSERT INTO `nav_sites` VALUES (15732, 10000, 1141, '飘云阁', 265, 'https://www.chinapyg.com/forum.php', '', 16, 0);
INSERT INTO `nav_sites` VALUES (15733, 10000, 1141, '蒲中资源网', 480, 'http://jsbpzx.net.cn/Index.html', '', 21, 0);
INSERT INTO `nav_sites` VALUES (15734, 10000, 1141, '软件盒子', 272, 'http://www.itopdog.cn/', '', 22, 0);
INSERT INTO `nav_sites` VALUES (15735, 10000, 1141, 'Mac绝赞', 355, 'http://wangchujiang.com/awesome-mac/index.zh.html', '', 23, 0);
INSERT INTO `nav_sites` VALUES (15736, 10000, 1141, 'Win绝赞', 273, 'https://amazing-apps.gitbooks.io/windows-apps-that-amaze-us/content/zh-CN/', '', 25, 0);
INSERT INTO `nav_sites` VALUES (15737, 10000, 1141, '鱼の后花园', 337, 'http://www.fishlee.net/', '', 26, 0);
INSERT INTO `nav_sites` VALUES (15738, 10000, 1141, 'MIUI', 397, 'http://www.miui.com/index.html', '', 27, 0);
INSERT INTO `nav_sites` VALUES (15739, 10000, 1141, '懒得勤快', 431, 'https://masuit.com/', '', 30, 0);
INSERT INTO `nav_sites` VALUES (15740, 10000, 1141, '内存清理', 485, 'https://www.henrypp.org/product/memreduct', '', 31, 0);
INSERT INTO `nav_sites` VALUES (15741, 10000, 1141, 'MacBed', 679, 'https://www.macbed.cn/', '', 39, 0);
INSERT INTO `nav_sites` VALUES (15742, 10000, 1143, 'BhVip', 588, 'http://pan.lanzou.com/u/%E5%BD%AA%E7%85%8Cqq1846055318', '', 1000, 0);
INSERT INTO `nav_sites` VALUES (15743, 10000, 1143, '八神app', 651, 'http://zntx.cc/', '', 1000, 0);
INSERT INTO `nav_sites` VALUES (15744, 10000, 1143, '最美应用', 274, 'http://zuimeia.com/', '', 1637, 0);
INSERT INTO `nav_sites` VALUES (15745, 10000, 1143, '豌豆荚设计', 275, 'https://www.wandoujia.com/award', '', 1638, 0);
INSERT INTO `nav_sites` VALUES (15746, 10000, 1143, '少数派', 484, 'https://sspai.com/', '', 1641, 0);
INSERT INTO `nav_sites` VALUES (15747, 10000, 1143, '好奇心日报', 278, 'http://www.qdaily.com/', '', 1642, 0);
INSERT INTO `nav_sites` VALUES (15748, 10000, 1143, 'NEXT', 279, 'http://next.36kr.com/', '', 1643, 0);
INSERT INTO `nav_sites` VALUES (15749, 10000, 1143, '我爱玩应用', 280, 'http://www.wooaii.com/', '', 1644, 0);
INSERT INTO `nav_sites` VALUES (15750, 10000, 1139, 'YTB下载', 495, 'https://zh.savefrom.net/', '', 0, 0);
INSERT INTO `nav_sites` VALUES (15751, 10000, 1139, 'youtube下载', 494, 'http://youtube.online-downloader.com/index-Chinese', '', 1, 0);
INSERT INTO `nav_sites` VALUES (15752, 10000, 1143, '智友论坛', 276, 'http://bbs.zhiyoo.com/forum-2-1.html', '', 1639, 0);
INSERT INTO `nav_sites` VALUES (15753, 10000, 1139, 'vvv文档', 631, 'http://wenku.baiduvvv.com/doc/', '百度文库', 1000, 0);
INSERT INTO `nav_sites` VALUES (15754, 10000, 1139, '文库下载', 587, 'http://www.ebuymed.cn/', '', 2, 0);
INSERT INTO `nav_sites` VALUES (15755, 10000, 1139, '皮皮虾文库', 643, 'http://www.wenkuwenku.com/', '百度文库、豆丁文档等在线文档阅读、下载', 1000, 0);
INSERT INTO `nav_sites` VALUES (15756, 10000, 1139, '视频鱼', 602, 'http://www.shipinyu.cn/', '', 1000, 0);
INSERT INTO `nav_sites` VALUES (15757, 10000, 1139, '视频解析', 507, 'https://www.parsevideo.com/', '', 1000, 0);
INSERT INTO `nav_sites` VALUES (15758, 10000, 1145, '易破解', 766, 'http://www.ypojie.com/', '', 1, 0);
INSERT INTO `nav_sites` VALUES (15759, 10000, 1145, 'CrackPatch', 767, 'https://crackingpatching.com/', '', 2, 0);
INSERT INTO `nav_sites` VALUES (15760, 10000, 1146, 'KIM主页', 302, 'https://www.zhuye.kim/', '', 0, 0);
INSERT INTO `nav_sites` VALUES (15761, 10000, 1146, '兰客导航', 511, 'http://lackk.com/nav/', '集众多网站导航优点于一身', 1, 0);
INSERT INTO `nav_sites` VALUES (15762, 10000, 1146, '某柠檬', 305, 'http://www.moulem.com/', '', 5, 0);
INSERT INTO `nav_sites` VALUES (15763, 10000, 1146, '龙轩导航', 306, 'http://ilxdh.com/', '', 8, 0);
INSERT INTO `nav_sites` VALUES (15764, 10000, 1146, '看国外', 309, 'http://www.kanguowai.com/', '', 11, 0);
INSERT INTO `nav_sites` VALUES (15765, 10000, 1146, '大数据导航', 191, 'https://www.afenxi.com/hao', '', 12, 0);
INSERT INTO `nav_sites` VALUES (15766, 10000, 1146, 'Egouz', 310, 'http://www.egouz.com/', '国外网址大全', 12, 0);
INSERT INTO `nav_sites` VALUES (15767, 10000, 1146, '效率集', 311, 'http://www.xiaolvji.com/', '', 13, 0);
INSERT INTO `nav_sites` VALUES (15768, 10000, 1146, '奇草导航', 313, 'https://www.qicao.cn/', '个人原创博客导航', 16, 0);
INSERT INTO `nav_sites` VALUES (15769, 10000, 1146, '万花筒', 481, 'https://wht.im/', '', 18, 0);
INSERT INTO `nav_sites` VALUES (15770, 10000, 1146, 'addDog', 676, 'http://www.addog.vip/', '广告人的网址导航', 20, 0);
INSERT INTO `nav_sites` VALUES (15771, 10000, 1146, '最美网站', 765, 'https://zuimeix.com/', '', 1005, 0);
INSERT INTO `nav_sites` VALUES (15772, 10000, 1146, '龙喵网', 768, 'http://ailongmiao.com/', '', 1006, 0);
INSERT INTO `nav_sites` VALUES (15777, 10000, 1156, '亿欧网', 193, 'https://www.iyiou.com/', '', 1538, 0);
INSERT INTO `nav_sites` VALUES (15778, 10000, 1156, '产品经理', 195, 'http://www.woshipm.com/', '', 1540, 0);
INSERT INTO `nav_sites` VALUES (15779, 10000, 1156, '经理人', 196, 'http://www.sino-manager.com/', '', 1541, 0);
INSERT INTO `nav_sites` VALUES (15780, 10000, 1156, '世界经理人', 197, 'http://www.ceconline.com/', '', 1542, 0);
INSERT INTO `nav_sites` VALUES (15781, 10000, 1156, '产品壹佰', 198, 'http://www.chanpin100.com/', '', 1543, 0);
INSERT INTO `nav_sites` VALUES (15782, 10000, 1156, '砍柴网', 199, 'http://www.ikanchai.com/', '', 1544, 0);
INSERT INTO `nav_sites` VALUES (15783, 10000, 1156, '新芽网', 200, 'http://www.newseed.cn/', '', 1545, 0);
INSERT INTO `nav_sites` VALUES (15784, 10000, 1156, '投资界', 194, 'http://www.pedaily.cn/', '', 1539, 0);
INSERT INTO `nav_sites` VALUES (15785, 10000, 1156, '勺子课堂', 201, 'https://www.shaoziketang.com/', '', 1546, 0);
INSERT INTO `nav_sites` VALUES (15786, 10000, 1156, '联商网', 202, 'http://www.linkshop.com.cn/', '', 1547, 0);
INSERT INTO `nav_sites` VALUES (15787, 10000, 1156, '产业新干线', 729, 'https://www.jinluoo.com/', '', 1548, 0);
INSERT INTO `nav_sites` VALUES (15788, 10000, 1157, '智联招聘', 168, 'http://www.zhaopin.com/', '', 1509, 0);
INSERT INTO `nav_sites` VALUES (15789, 10000, 1157, 'BOSS直聘', 170, 'https://www.zhipin.com/', '', 1511, 0);
INSERT INTO `nav_sites` VALUES (15790, 10000, 1157, '拉勾网', 171, 'https://www.lagou.com/', '', 1512, 0);
INSERT INTO `nav_sites` VALUES (15791, 10000, 1157, '猎聘网', 172, 'https://www.liepin.com/', '', 1513, 0);
INSERT INTO `nav_sites` VALUES (15792, 10000, 1157, '实习僧', 759, 'https://www.shixiseng.com/', '', 1514, 0);
INSERT INTO `nav_sites` VALUES (15793, 10000, 1157, '前程无忧', 169, 'http://www.51job.com/', '', 1510, 0);
INSERT INTO `nav_sites` VALUES (15794, 10000, 1159, '人大经济', 752, 'https://bbs.pinggu.org/', '', 1002, 0);
INSERT INTO `nav_sites` VALUES (15795, 10000, 1159, '百度指数', 162, 'http://index.baidu.com/', '', 1501, 0);
INSERT INTO `nav_sites` VALUES (15796, 10000, 1159, '360趋势', 167, 'https://trends.so.com/', '', 1506, 0);
INSERT INTO `nav_sites` VALUES (15797, 10000, 1159, '发现报告', 774, 'https://www.fxbaogao.com', '', 1508, 0);
INSERT INTO `nav_sites` VALUES (15798, 10000, 1162, '贝太厨房', 43, 'http://www.beitaichufang.com/', '', 48, 0);
INSERT INTO `nav_sites` VALUES (15799, 10000, 1162, '下厨房', 44, 'http://www.xiachufang.com/', '', 49, 0);
INSERT INTO `nav_sites` VALUES (15800, 10000, 1162, '好豆网', 45, 'http://www.haodou.com/', '', 50, 0);
INSERT INTO `nav_sites` VALUES (15801, 10000, 1162, '豆果美食', 46, 'http://www.douguo.com/', '', 51, 0);
INSERT INTO `nav_sites` VALUES (15802, 10000, 1162, '美食天下', 47, 'https://www.meishichina.com/', '', 52, 0);
INSERT INTO `nav_sites` VALUES (15803, 10000, 1162, '零食控', 48, 'http://www.lingshikong.com/', '', 53, 0);
INSERT INTO `nav_sites` VALUES (15804, 10000, 1162, '西  厨', 49, 'http://ceechoo.com/', '', 55, 0);
INSERT INTO `nav_sites` VALUES (15805, 10000, 1162, '吃在中国', 485, 'http://eatinchina.net/', 'Eat in China', 56, 0);
INSERT INTO `nav_sites` VALUES (15806, 10000, 1162, '红餐网', 50, 'http://www.canyin88.com/', '', 57, 0);
INSERT INTO `nav_sites` VALUES (15807, 10000, 1162, 'eHow', 629, 'https://www.ehow.com/', '', 1000, 0);
INSERT INTO `nav_sites` VALUES (15808, 10000, 1162, '大厨网', 728, 'https://zh.dachu.co/', '', 1001, 0);
INSERT INTO `nav_sites` VALUES (15809, 10000, 1162, 'EnJoy', 65, 'https://enjoy.ricebook.com/', '精选美食电商', 54, 0);
INSERT INTO `nav_sites` VALUES (15810, 10000, 1160, '淘宝网', 4, 'https://www.taobao.com/', '', 4, 0);
INSERT INTO `nav_sites` VALUES (15811, 10000, 1160, '京 东', 5, 'http://www.jd.com/', '', 5, 0);
INSERT INTO `nav_sites` VALUES (15812, 10000, 1160, 'Amazon', 22, 'http://www.amazon.cn/', '', 23, 0);
INSERT INTO `nav_sites` VALUES (15813, 10000, 1160, '苏宁易购', 34, 'https://www.suning.com/', '', 38, 0);
INSERT INTO `nav_sites` VALUES (15814, 10000, 1160, '国美在线', 35, 'https://www.gome.com.cn/', '', 39, 0);
INSERT INTO `nav_sites` VALUES (15815, 10000, 1160, '猪八戒', 62, 'https://www.zbj.com/', '', 40, 0);
INSERT INTO `nav_sites` VALUES (15816, 10000, 1160, '58同城', 36, 'http://58.com/', '', 41, 0);
INSERT INTO `nav_sites` VALUES (15817, 10000, 1160, '美团网', 37, 'http://www.meituan.com/', '', 42, 0);
INSERT INTO `nav_sites` VALUES (15818, 10000, 1160, '大众点评', 38, 'http://www.dianping.com/', '', 43, 0);
INSERT INTO `nav_sites` VALUES (15819, 10000, 1160, '搜房网', 40, 'http://www.fang.com/', '', 45, 0);
INSERT INTO `nav_sites` VALUES (15820, 10000, 1160, '安居客', 41, 'http://www.anjuke.com/', '', 46, 0);
INSERT INTO `nav_sites` VALUES (15821, 10000, 1160, '聚划算', 42, 'https://ju.taobao.com/', '', 47, 0);
INSERT INTO `nav_sites` VALUES (15822, 10000, 1161, 'FaceBook', 2, 'https://www.facebook.com/', '', 2, 0);
INSERT INTO `nav_sites` VALUES (15823, 10000, 1161, 'Twitter', 3, 'https://twitter.com/', '', 3, 0);
INSERT INTO `nav_sites` VALUES (15824, 10000, 1161, '百度贴吧', 51, 'https://tieba.baidu.com/', '', 58, 0);
INSERT INTO `nav_sites` VALUES (15825, 10000, 1161, '简  书', 52, 'https://www.jianshu.com/', '', 59, 0);
INSERT INTO `nav_sites` VALUES (15826, 10000, 1161, '微博', 54, 'https://weibo.com/', '', 61, 0);
INSERT INTO `nav_sites` VALUES (15827, 10000, 1161, 'Tumblr', 58, 'https://www.tumblr.com/', '汤不热', 67, 0);
INSERT INTO `nav_sites` VALUES (15828, 10000, 1161, '一 言', 562, 'https://hitokoto.cn/', '', 1000, 0);
INSERT INTO `nav_sites` VALUES (15829, 10000, 1161, 'Pinterest', 215, 'https://www.pinterest.com/', '寻找新点子', 1563, 0);
INSERT INTO `nav_sites` VALUES (15830, 10000, 1161, 'Gitter', 320, 'https://gitter.im/', '', 1698, 0);
INSERT INTO `nav_sites` VALUES (15831, 10000, 1161, '社交故事', 739, 'https://www.wattpad.com/', '社交讲故事平台', 1717, 0);
INSERT INTO `nav_sites` VALUES (15832, 10000, 1168, '知 乎', 180, 'https://www.zhihu.com/', '', 0, 0);
INSERT INTO `nav_sites` VALUES (15833, 10000, 1168, '果 壳', 181, 'https://www.guokr.com/', '', 1, 0);
INSERT INTO `nav_sites` VALUES (15834, 10000, 1168, 'WikiHow', 185, 'https://zh.wikihow.com/', '', 2, 0);
INSERT INTO `nav_sites` VALUES (15835, 10000, 1168, '数字科技馆', 641, 'https://www.cdstm.cn/', '中国数字科技馆是中国科协、教育部、中科院共建的一个基于互联网传播的国家级公益性科普服务平台', 4, 0);
INSERT INTO `nav_sites` VALUES (15836, 10000, 1168, 'StackEx', 182, 'https://stackexchange.com/', '', 5, 0);
INSERT INTO `nav_sites` VALUES (15837, 10000, 1168, 'Quora', 184, 'https://www.quora.com/', '', 7, 0);
INSERT INTO `nav_sites` VALUES (15838, 10000, 1168, 'Answers', 344, 'http://www.answers.com/', '', 8, 0);
INSERT INTO `nav_sites` VALUES (15839, 10000, 1168, '十万为什么', 491, 'http://www.10why.net/', '', 9, 0);
INSERT INTO `nav_sites` VALUES (15840, 10000, 1168, '法 言', 365, 'http://lawtalks.cn/', '', 10, 0);
INSERT INTO `nav_sites` VALUES (15841, 10000, 1168, 'Sofa', 367, 'http://sofasofa.io/', '数据科学问答社区', 12, 0);
INSERT INTO `nav_sites` VALUES (15842, 10000, 1168, '极客起源', 368, 'https://geekori.com/', '', 13, 0);
INSERT INTO `nav_sites` VALUES (15843, 10000, 1168, '搜外问答', 369, 'https://ask.seowhy.com/', '专注SEO问答', 14, 0);
INSERT INTO `nav_sites` VALUES (15844, 10000, 1168, '悟空问答', 385, 'https://www.wukong.com/', '', 16, 0);
INSERT INTO `nav_sites` VALUES (15845, 10000, 1168, 'SOverflow', 389, 'https://stackoverflow.com/', '计算机问答', 17, 0);
INSERT INTO `nav_sites` VALUES (15846, 10000, 1168, 'ITValue', 371, 'http://www.itvalue.com.cn/', 'CIO的问答平台', 15, 0);
INSERT INTO `nav_sites` VALUES (15847, 10000, 1168, '中国哲学', 583, 'https://ctext.org/zhs', '', 19, 0);
INSERT INTO `nav_sites` VALUES (15848, 10000, 1168, '昆 虫', 711, 'http://microsculpture.net/', '可以无限放大看昆虫', 20, 0);
INSERT INTO `nav_sites` VALUES (15849, 10000, 1169, '慕课网', 144, 'https://www.imooc.com/', '', 0, 0);
INSERT INTO `nav_sites` VALUES (15850, 10000, 1169, '译学馆', 605, 'https://yxgapp.com/', '', 1, 0);
INSERT INTO `nav_sites` VALUES (15851, 10000, 1169, '学堂在线', 556, 'http://www.xuetangx.com/', '', 2, 0);
INSERT INTO `nav_sites` VALUES (15852, 10000, 1169, '网易公开课', 219, 'https://open.163.com/', '', 3, 0);
INSERT INTO `nav_sites` VALUES (15853, 10000, 1169, '腾讯课堂', 149, 'http://ke.qq.com/', '', 4, 0);
INSERT INTO `nav_sites` VALUES (15854, 10000, 1169, '宁皓网', 449, 'https://ninghao.net/', '', 5, 0);
INSERT INTO `nav_sites` VALUES (15855, 10000, 1169, 'DevOpen', 448, 'https://devopen.club/', '', 6, 0);
INSERT INTO `nav_sites` VALUES (15856, 10000, 1169, '网易云课堂', 150, 'http://study.163.com/', '', 7, 0);
INSERT INTO `nav_sites` VALUES (15857, 10000, 1169, '菜鸟教程', 151, 'http://www.runoob.com/', '', 8, 0);
INSERT INTO `nav_sites` VALUES (15858, 10000, 1169, '牛客网', 152, 'https://www.nowcoder.com/', '', 9, 0);
INSERT INTO `nav_sites` VALUES (15859, 10000, 1169, 'Leetcode', 153, 'https://leetcode-cn.com/', '提升技术水平,迎接技术挑战', 10, 0);
INSERT INTO `nav_sites` VALUES (15860, 10000, 1169, '一 席', 145, 'http://yixi.tv/', '', 11, 0);
INSERT INTO `nav_sites` VALUES (15861, 10000, 1169, '可汗学院', 220, 'https://zh-hans.khanacademy.org/', '一切皆可学,所有免费', 12, 0);
INSERT INTO `nav_sites` VALUES (15862, 10000, 1169, '计蒜客', 221, 'https://www.jisuanke.com/', '', 13, 0);
INSERT INTO `nav_sites` VALUES (15863, 10000, 1169, 'Vocabulary', 222, 'https://www.vocabulary.com/', '背单词', 14, 0);
INSERT INTO `nav_sites` VALUES (15864, 10000, 1169, '优 米', 223, 'http://www.youmi.cn/', '', 15, 0);
INSERT INTO `nav_sites` VALUES (15865, 10000, 1169, '好知网', 224, 'http://www.howzhi.com/', '', 16, 0);
INSERT INTO `nav_sites` VALUES (15866, 10000, 1169, 'myoops', 494, 'http://www.myoops.org/', '影像课程', 17, 0);
INSERT INTO `nav_sites` VALUES (15867, 10000, 1169, '好学网', 225, 'http://www.haoxue.com/', '中小学在线教育', 18, 0);
INSERT INTO `nav_sites` VALUES (15868, 10000, 1169, '实验楼', 226, 'https://www.shiyanlou.com/', '', 19, 0);
INSERT INTO `nav_sites` VALUES (15869, 10000, 1169, 'doyoudo', 345, 'http://doyoudo.com/', '', 20, 0);
INSERT INTO `nav_sites` VALUES (15870, 10000, 1169, '多 贝', 227, 'http://www.duobei.com/', '', 21, 0);
INSERT INTO `nav_sites` VALUES (15871, 10000, 1169, '51自学', 228, 'http://www.51zxw.net/', '', 22, 0);
INSERT INTO `nav_sites` VALUES (15872, 10000, 1169, '高高手', 229, 'http://www.gogoup.com/', '', 23, 0);
INSERT INTO `nav_sites` VALUES (15873, 10000, 1169, '沪江英语', 230, 'http://www.hjenglish.com/', '', 24, 0);
INSERT INTO `nav_sites` VALUES (15874, 10000, 1169, '高数教学', 410, 'http://math.fudan.edu.cn/gdsx/TUSG.htm', '', 25, 0);
INSERT INTO `nav_sites` VALUES (15875, 10000, 1169, 'Rails365', 446, 'https://www.rails365.net/', '', 26, 0);
INSERT INTO `nav_sites` VALUES (15876, 10000, 1169, '轻课堂', 447, 'https://www.edurt.com/', '', 27, 0);
INSERT INTO `nav_sites` VALUES (15877, 10000, 1169, '编程学院', 555, 'https://www.programschool.com/', '', 28, 0);
INSERT INTO `nav_sites` VALUES (15878, 10000, 1169, '猿 学', 603, 'http://www.yuanxue365.com/', '', 29, 0);
INSERT INTO `nav_sites` VALUES (15879, 10000, 1169, '清华计算机', 598, 'http://ke.yzqz.cn/qh/', '', 30, 0);
INSERT INTO `nav_sites` VALUES (15880, 10000, 1169, 'ABCya', 585, 'http://www.abcya.com/', '儿童教育游戏', 31, 0);
INSERT INTO `nav_sites` VALUES (15881, 10000, 1169, '果汁英语', 630, 'http://guozhivip.com/', '', 32, 0);
INSERT INTO `nav_sites` VALUES (15882, 10000, 1169, '牛津儿童', 637, 'https://www.oxfordowl.co.uk/', '', 33, 0);
INSERT INTO `nav_sites` VALUES (15883, 10000, 1169, 'Coursade', 671, 'http://www.coursade.com/', '公开课查找', 1000, 0);
INSERT INTO `nav_sites` VALUES (15884, 10000, 1169, '鱼C', 698, 'https://ilovefishc.com/', '', 1001, 0);
INSERT INTO `nav_sites` VALUES (15885, 10000, 1170, '熊猫盘', 623, 'http://xiongmaopan.com/', '', 1000, 0);
INSERT INTO `nav_sites` VALUES (15886, 10000, 1170, '公开课记录', 497, 'http://www.opclass.com/', '', 1594, 0);
INSERT INTO `nav_sites` VALUES (15887, 10000, 1170, '行者物语', 240, 'http://www.xzwyu.com/', '', 1595, 0);
INSERT INTO `nav_sites` VALUES (15888, 10000, 1170, '纪录片天地', 478, 'http://www.jlpcn.net/', '', 1596, 0);
INSERT INTO `nav_sites` VALUES (15889, 10000, 1170, 'Bilibili记录', 241, 'https://www.bilibili.com/video/tech-popular-science-1.html', '', 1597, 0);
INSERT INTO `nav_sites` VALUES (15890, 10000, 1168, '全历史', 640, 'https://www.allhistory.com/', '全历史(Allhistory）以AI知识图谱为核心引擎，通过高度时空化、关联化数据的方式构造及展现数字人文内容', 1000, 0);
INSERT INTO `nav_sites` VALUES (15891, 10000, 1168, '东里书斋', 76, 'http://www.donglishuzhai.net/', '', 1000, 0);
INSERT INTO `nav_sites` VALUES (15892, 10000, 1170, '响巢记录', 346, 'http://jilupian.kankan.com/', '', 1599, 0);
INSERT INTO `nav_sites` VALUES (15893, 10000, 1172, '爱奇艺', 131, 'http://www.iqiyi.com/', '', 1, 0);
INSERT INTO `nav_sites` VALUES (15894, 10000, 1172, '芒果TV', 125, 'https://www.mgtv.com/', '', 2, 0);
INSERT INTO `nav_sites` VALUES (15895, 10000, 1172, '腾讯视频', 126, 'http://v.qq.com/', '', 3, 0);
INSERT INTO `nav_sites` VALUES (15896, 10000, 1172, '土 豆', 128, 'http://www.tudou.com/', '', 5, 0);
INSERT INTO `nav_sites` VALUES (15897, 10000, 1172, '搜狐视频', 129, 'http://tv.sohu.com/', '', 6, 0);
INSERT INTO `nav_sites` VALUES (15898, 10000, 1172, '优 酷', 127, 'http://www.youku.com/', '', 4, 0);
INSERT INTO `nav_sites` VALUES (15899, 10000, 1172, '场 库', 530, 'https://www.vmovier.com/', '高品质短片分享平台', 8, 0);
INSERT INTO `nav_sites` VALUES (15900, 10000, 1172, '数英网', 531, 'https://www.digitaling.com/', '广告创意视频,数字媒体网站', 9, 0);
INSERT INTO `nav_sites` VALUES (15901, 10000, 1172, 'Mtime', 239, 'http://www.mtime.com/', '', 10, 0);
INSERT INTO `nav_sites` VALUES (15902, 10000, 1172, '电影天堂', 479, 'https://www.dy2018.com/', '', 11, 0);
INSERT INTO `nav_sites` VALUES (15903, 10000, 1172, 'Bilibili', 241, 'https://www.bilibili.com/', '', 12, 0);
INSERT INTO `nav_sites` VALUES (15904, 10000, 1172, '央视网', 130, 'http://www.cctv.com/', '', 7, 0);
INSERT INTO `nav_sites` VALUES (15905, 10000, 1172, '电波字幕', 245, 'http://dbfansub.com/', '', 16, 0);
INSERT INTO `nav_sites` VALUES (15906, 10000, 1172, 'Sub-HD', 343, 'http://subhd.com/', '字幕搜索下载', 13, 0);
INSERT INTO `nav_sites` VALUES (15907, 10000, 1172, '射手网', 249, 'http://assrt.net/', '', 17, 0);
INSERT INTO `nav_sites` VALUES (15908, 10000, 1172, '全视频', 391, 'http://www.qsptv.com/', '', 18, 0);
INSERT INTO `nav_sites` VALUES (15909, 10000, 1172, '自由无二', 393, 'http://www.free52.com/', '', 20, 0);
INSERT INTO `nav_sites` VALUES (15910, 10000, 1172, '电影蜜蜂', 647, 'https://www.dybee.tv/', '', 1000, 0);
INSERT INTO `nav_sites` VALUES (15911, 10000, 1174, '国际乐谱库', 659, 'https://cn.imslp.org/', '', 1000, 0);
INSERT INTO `nav_sites` VALUES (15912, 10000, 1174, '摆渡一下', 533, 'http://www.baiduonce.com/index.html', '', 1000, 0);
INSERT INTO `nav_sites` VALUES (15913, 10000, 1174, '网易音乐', 373, 'https://music.163.com/', '', 1484, 0);
INSERT INTO `nav_sites` VALUES (15914, 10000, 1174, 'QQ音乐', 147, 'https://y.qq.com/', '', 1485, 0);
INSERT INTO `nav_sites` VALUES (15915, 10000, 1174, '红嘴鸥', 246, 'http://www.hzou.net/', '', 1604, 0);
INSERT INTO `nav_sites` VALUES (15916, 10000, 1174, 'echo回声', 247, 'http://www.app-echo.com/#/', '', 1605, 0);
INSERT INTO `nav_sites` VALUES (15917, 10000, 1174, '豆瓣FM', 148, 'https://douban.fm/', '', 1486, 0);
INSERT INTO `nav_sites` VALUES (15918, 10000, 1174, '爱乐谱', 248, 'http://www.yuesir.com/ipu/', '', 1606, 0);
INSERT INTO `nav_sites` VALUES (15919, 10000, 1174, '虾米音乐', 374, 'http://www.xiami.com/', '', 1607, 0);
INSERT INTO `nav_sites` VALUES (15920, 10000, 1173, '堆  糖', 134, 'https://www.duitang.com/', '', 295, 0);
INSERT INTO `nav_sites` VALUES (15921, 10000, 1173, '护花网', 135, 'http://www.aihuhua.com/', '', 296, 0);
INSERT INTO `nav_sites` VALUES (15922, 10000, 1173, '花瓣网', 136, 'http://huaban.com/', 'http://huabanpro.com/陪你做生活的设计师', 297, 0);
INSERT INTO `nav_sites` VALUES (15923, 10000, 1173, '植物之家', 138, 'https://www.zw3e.com/', '', 299, 0);
INSERT INTO `nav_sites` VALUES (15924, 10000, 1173, '绿野户外', 139, 'http://www.lvye.cn/', '', 300, 0);
INSERT INTO `nav_sites` VALUES (15925, 10000, 1173, '穷游网', 140, 'https://www.qyer.com/', '', 301, 0);
INSERT INTO `nav_sites` VALUES (15926, 10000, 1173, '植物图像库', 213, 'http://www.plantphoto.cn/', '', 1560, 0);
INSERT INTO `nav_sites` VALUES (15927, 10000, 1175, '创意导航', 564, 'https://creativemass.cn/#/', '', 1000, 0);
INSERT INTO `nav_sites` VALUES (15928, 10000, 1175, 'TOPS', 610, 'https://www.topys.cn/', '抢先知晓全球最新鲜、最棒的创意资讯，扩充你的灵感库', 1000, 0);
INSERT INTO `nav_sites` VALUES (15929, 10000, 1175, '梅花网', 786, 'https://www.meihua.info/', '营销作品宝库', 1005, 0);
INSERT INTO `nav_sites` VALUES (15930, 10000, 1175, '营销案例', 787, 'https://hd.weibo.com/case/index/index', '', 1006, 0);
INSERT INTO `nav_sites` VALUES (15931, 10000, 1176, 'Fotor', 156, 'https://www.fotor.com/cn/index.html', '', 0, 0);
INSERT INTO `nav_sites` VALUES (15932, 10000, 1176, '图虫网', 404, 'https://tuchong.com/', '', 1, 0);
INSERT INTO `nav_sites` VALUES (15933, 10000, 1176, '中国色', 159, 'http://zhongguose.com/', '', 2, 0);
INSERT INTO `nav_sites` VALUES (15934, 10000, 1175, '传媒作品', 788, 'http://www.mid2007.com/productclass.html', '', 1007, 0);
INSERT INTO `nav_sites` VALUES (15935, 10000, 1176, '色 彩', 157, 'http://www.peise.net/color/', '', 3, 0);
INSERT INTO `nav_sites` VALUES (15936, 10000, 1176, '千图网', 284, 'http://www.58pic.com/', '', 4, 0);
INSERT INTO `nav_sites` VALUES (15937, 10000, 1176, '阿里图标', 21, 'http://www.iconfont.cn/', '', 4, 0);
INSERT INTO `nav_sites` VALUES (15938, 10000, 1176, 'PNG素材', 285, 'http://pngimg.com/', '', 6, 0);
INSERT INTO `nav_sites` VALUES (15939, 10000, 1176, '配色设计', 157, 'http://www.peise.net/tools/web/', '', 7, 0);
INSERT INTO `nav_sites` VALUES (15940, 10000, 1176, '文字拼图', 286, 'https://wordart.com/', '', 8, 0);
INSERT INTO `nav_sites` VALUES (15941, 10000, 1176, '全景网', 287, 'http://www.quanjing.com/', '', 9, 0);
INSERT INTO `nav_sites` VALUES (15942, 10000, 1176, '7MX', 288, 'http://7mx.com/', '', 10, 0);
INSERT INTO `nav_sites` VALUES (15943, 10000, 1176, 'PixaBay', 289, 'https://pixabay.com/', '免版权图片', 11, 0);
INSERT INTO `nav_sites` VALUES (15944, 10000, 1176, '500px', 290, 'https://500px.com/', '', 12, 0);
INSERT INTO `nav_sites` VALUES (15945, 10000, 1176, 'gratiso', 291, 'https://gratisography.com/', '', 13, 0);
INSERT INTO `nav_sites` VALUES (15946, 10000, 1176, '小森平音效', 348, 'http://taira-komori.jpn.org/freesoundcn.html', '', 14, 0);
INSERT INTO `nav_sites` VALUES (15947, 10000, 1176, '音效网', 293, 'http://www.yisell.com/', '', 15, 0);
INSERT INTO `nav_sites` VALUES (15948, 10000, 1176, '站长字体', 294, 'http://font.chinaz.com/', '', 16, 0);
INSERT INTO `nav_sites` VALUES (15949, 10000, 1176, '求字体', 347, 'http://www.qiuziti.com/', '', 17, 0);
INSERT INTO `nav_sites` VALUES (15950, 10000, 1176, '字体转换', 295, 'http://www.diyiziti.com/', '', 18, 0);
INSERT INTO `nav_sites` VALUES (15951, 10000, 1176, '爱给音效', 315, 'http://www.aigei.com/sound/', '', 19, 0);
INSERT INTO `nav_sites` VALUES (15952, 10000, 1176, 'Loading', 682, 'https://loading.io/', '', 1000, 0);
INSERT INTO `nav_sites` VALUES (15953, 10000, 1176, '视觉中国', 532, 'https://www.vcg.com/', '', 1000, 0);
INSERT INTO `nav_sites` VALUES (15954, 10000, 1176, '逗比表情', 593, 'http://www.bee-ji.com/', '', 1000, 0);
INSERT INTO `nav_sites` VALUES (15955, 10000, 1176, 'CC Search', 649, 'https://search.creativecommons.org/', '开放版权的图片搜索服务', 1000, 0);
INSERT INTO `nav_sites` VALUES (15956, 10000, 1176, '搜图导航', 502, 'https://www.91sotu.com/', '强大且智能的设计师导航', 1000, 0);
INSERT INTO `nav_sites` VALUES (15957, 10000, 1177, '美工吧', 292, 'https://www.meigong8.com/', '', 1661, 0);
INSERT INTO `nav_sites` VALUES (15958, 10000, 1177, '设计导航', 297, 'http://hao.shejidaren.com/', '', 1668, 0);
INSERT INTO `nav_sites` VALUES (15959, 10000, 1177, '学UI', 298, 'http://hao.xueui.cn/', '', 1669, 0);
INSERT INTO `nav_sites` VALUES (15960, 10000, 1177, '牛大拿', 299, 'http://www.niudana.com/', '', 1670, 0);
INSERT INTO `nav_sites` VALUES (15961, 10000, 1177, '设计师', 296, 'http://hao.uisdc.com/', '', 1667, 0);
INSERT INTO `nav_sites` VALUES (15962, 10000, 1177, '全球工业设计前沿', 704, 'https://www.yankodesign.com/', '全球工业设计前沿', 1672, 0);
INSERT INTO `nav_sites` VALUES (15963, 10000, 1179, '凤凰网', 53, 'https://www.ifeng.com/', '', 0, 0);
INSERT INTO `nav_sites` VALUES (15964, 10000, 1177, '饭团导航', 300, 'http://hao.psefan.com/', '', 1671, 0);
INSERT INTO `nav_sites` VALUES (15965, 10000, 1179, 'Solidot', 429, 'https://www.solidot.org/', '', 1, 0);
INSERT INTO `nav_sites` VALUES (15966, 10000, 1179, '新浪网', 55, 'https://www.sina.com.cn/', '', 3, 0);
INSERT INTO `nav_sites` VALUES (15967, 10000, 1179, '谷歌新闻', 64, 'https://news.google.com/news/?hl=zh-CN&gl=CN&ned=cn', '', 4, 0);
INSERT INTO `nav_sites` VALUES (15968, 10000, 1179, '腾讯网', 56, 'http://www.qq.com/', '', 5, 0);
INSERT INTO `nav_sites` VALUES (15969, 10000, 1179, '搜  狐', 63, 'http://www.sohu.com/', '', 7, 0);
INSERT INTO `nav_sites` VALUES (15970, 10000, 1179, '网  易', 57, 'http://www.163.com/', '', 6, 0);
INSERT INTO `nav_sites` VALUES (15971, 10000, 1179, '澎湃新闻', 60, 'https://www.thepaper.cn/', '专注时政与思想', 8, 0);
INSERT INTO `nav_sites` VALUES (15972, 10000, 1179, 'Matters', 669, 'https://matters.news/', '一個自由、自主、永續的創作與公共討論空間', 2, 0);
INSERT INTO `nav_sites` VALUES (15973, 10000, 1179, '科学松鼠会', 87, 'http://songshuhui.net/', '', 10, 0);
INSERT INTO `nav_sites` VALUES (15974, 10000, 1179, 'InfoQ', 86, 'http://www.infoq.com/cn/', '', 9, 0);
INSERT INTO `nav_sites` VALUES (15975, 10000, 1179, '壹心理', 92, 'http://www.xinli001.com/', '', 12, 0);
INSERT INTO `nav_sites` VALUES (15976, 10000, 1179, '创意栖息', 99, 'http://ideaest.com/', '', 13, 0);
INSERT INTO `nav_sites` VALUES (15977, 10000, 1179, '爱稀奇', 100, 'http://www.ixiqi.com/', '', 14, 0);
INSERT INTO `nav_sites` VALUES (15978, 10000, 1179, '前瞻网', 418, 'https://www.qianzhan.com/', '发现趋势,预见未来', 15, 0);
INSERT INTO `nav_sites` VALUES (15979, 10000, 1179, 'FT中文网', 618, 'http://www.ftchinese.com/', '', 16, 0);
INSERT INTO `nav_sites` VALUES (15980, 10000, 1179, '推酷', 85, 'https://www.tuicool.com/', '', 97, 0);
INSERT INTO `nav_sites` VALUES (15981, 10000, 1179, '豆  瓣', 91, 'https://www.douban.com/', '', 11, 0);
INSERT INTO `nav_sites` VALUES (15982, 10000, 1179, '走 廊', 90, 'http://www.zoulang.com/', '', 102, 0);
INSERT INTO `nav_sites` VALUES (15983, 10000, 1179, '译言网', 93, 'http://www.yeeyan.org/', '', 105, 0);
INSERT INTO `nav_sites` VALUES (15984, 10000, 1183, '煎蛋', 98, 'http://jandan.net/', '地球上没有新鲜事', 111, 0);
INSERT INTO `nav_sites` VALUES (15985, 10000, 1179, '湾区日报', 707, 'https://wanqu.co/', '关注创业与技术', 1494, 0);
INSERT INTO `nav_sites` VALUES (15986, 10000, 1179, '知微事见', 718, 'http://ef.zhiweidata.com/#!/down', '', 1495, 0);
INSERT INTO `nav_sites` VALUES (15987, 10000, 1179, '今日热榜', 725, 'https://tophub.today/', '', 1496, 0);
INSERT INTO `nav_sites` VALUES (15988, 10000, 1179, '梅子搜报', 763, 'http://mz.soubao.net/', '', 1497, 0);
INSERT INTO `nav_sites` VALUES (15989, 10000, 1181, '钛媒体', 68, 'http://www.tmtpost.com/', '引领未来商业与生活新知', 70, 0);
INSERT INTO `nav_sites` VALUES (15990, 10000, 1181, '爱范儿', 70, 'https://www.ifanr.com/', '', 71, 0);
INSERT INTO `nav_sites` VALUES (15991, 10000, 1181, 'TechWeb', 82, 'http://www.techweb.com.cn/', '', 94, 0);
INSERT INTO `nav_sites` VALUES (15992, 10000, 1181, 'CnBeta', 83, 'https://www.cnbeta.com/', '', 95, 0);
INSERT INTO `nav_sites` VALUES (15993, 10000, 1181, '36氪', 88, 'http://36kr.com/', '让创业更简单', 100, 0);
INSERT INTO `nav_sites` VALUES (15994, 10000, 1181, 'Engadget', 89, 'https://cn.engadget.com/', '消费性电子产品评测和新闻', 101, 0);
INSERT INTO `nav_sites` VALUES (15995, 10000, 1181, '中关村ZOL', 96, 'http://detail.zol.com.cn/', '', 109, 0);
INSERT INTO `nav_sites` VALUES (15996, 10000, 1181, 'Koolshare', 653, 'http://koolshare.cn', '', 1000, 0);
INSERT INTO `nav_sites` VALUES (15997, 10000, 1181, '极客公园', 370, 'http://www.geekpark.net/', '', 2499, 0);
INSERT INTO `nav_sites` VALUES (15998, 10000, 1181, '人工智能', 382, 'http://www.aihot.net/', '', 4065, 0);
INSERT INTO `nav_sites` VALUES (15999, 10000, 1181, '新区块', 388, 'https://xinqukuai.cn/', '', 4071, 0);
INSERT INTO `nav_sites` VALUES (16000, 10000, 1181, '机器之心', 708, 'https://www.jiqizhixin.com/', '关注人工智能、机器人和神经认知科学', 4072, 0);
INSERT INTO `nav_sites` VALUES (16001, 10000, 1159, '新 榜', 164, 'https://www.newrank.cn/', '', 1503, 0);
INSERT INTO `nav_sites` VALUES (16002, 10000, 1159, '百度风云榜', 165, 'http://top.baidu.com/', '', 1504, 0);
INSERT INTO `nav_sites` VALUES (16003, 10000, 1159, '中国票房', 166, 'http://www.cbooo.cn/', '', 1505, 0);
INSERT INTO `nav_sites` VALUES (16004, 10000, 1183, '我勒个', 97, 'https://www.wolege.com/', '', 110, 0);
INSERT INTO `nav_sites` VALUES (16005, 10000, 1183, '暴走漫画', 383, 'http://baozoumanhua.com/', '', 4066, 0);
INSERT INTO `nav_sites` VALUES (16006, 10000, 1183, '网不易', 705, 'http://www.netnoease.com/', '原创的乐呵一下', 4067, 0);
INSERT INTO `nav_sites` VALUES (16007, 10000, 1183, '有趣网站', 762, 'http://123.kfd.me/', '', 4068, 0);
INSERT INTO `nav_sites` VALUES (16008, 10000, 1131, 'Notion', 1261, 'https://www.notion.so/', '', 6098, NULL);
COMMIT;

-- ----------------------------
-- Table structure for nav_sort
-- ----------------------------
DROP TABLE IF EXISTS `nav_sort`;
CREATE TABLE `nav_sort` (
  `id` int(8) NOT NULL AUTO_INCREMENT,
  `sort_id` int(6) DEFAULT NULL,
  `sort_name` varchar(128) COLLATE utf8_unicode_ci DEFAULT NULL,
  `parent_id` int(6) DEFAULT NULL,
  `uid` int(6) DEFAULT NULL,
  `order_index` int(4) DEFAULT NULL,
  `color` varchar(16) COLLATE utf8_unicode_ci DEFAULT NULL,
  `is_com` int(1) DEFAULT NULL,
  PRIMARY KEY (`id`) USING BTREE
) ENGINE=InnoDB AUTO_INCREMENT=1615 DEFAULT CHARSET=utf8 COLLATE=utf8_unicode_ci;

-- ----------------------------
-- Records of nav_sort
-- ----------------------------
BEGIN;
INSERT INTO `nav_sort` VALUES (810, 421, '搜索工具', NULL, 10001, 1, 'yellow', 1);
INSERT INTO `nav_sort` VALUES (811, 422, '效率工具', NULL, 10001, 0, 'green', 1);
INSERT INTO `nav_sort` VALUES (812, 424, '资源下载', NULL, 10001, 9, 'tongGreen', 1);
INSERT INTO `nav_sort` VALUES (813, 425, '软件社区', NULL, 10001, 6, 'blue', 1);
INSERT INTO `nav_sort` VALUES (814, 426, '其他导航', NULL, 10001, 8, 'yellow', 1);
INSERT INTO `nav_sort` VALUES (815, 428, '工作领域', NULL, 10001, 2, 'blue', 1);
INSERT INTO `nav_sort` VALUES (816, 429, '享受生活', NULL, 10001, 5, 'orange', 1);
INSERT INTO `nav_sort` VALUES (817, 431, '学习成长', NULL, 10001, 4, 'red', 1);
INSERT INTO `nav_sort` VALUES (818, 432, '自娱自乐', NULL, 10001, 7, 'green', 1);
INSERT INTO `nav_sort` VALUES (819, 433, '媒体设计', NULL, 10001, 8, 'green', 1);
INSERT INTO `nav_sort` VALUES (820, 434, '资讯阅读', NULL, 10001, 3, 'kongquelan', 1);
INSERT INTO `nav_sort` VALUES (1277, 1127, '专业搜', 421, 10001, 0, 'yellow', 1);
INSERT INTO `nav_sort` VALUES (1278, 1128, '学术', 421, 10001, 1, 'yellow', 1);
INSERT INTO `nav_sort` VALUES (1280, 1130, '云盘', 421, 10001, 3, 'yellow', 1);
INSERT INTO `nav_sort` VALUES (1281, 1131, '常用', 422, 10001, 0, 'green', 1);
INSERT INTO `nav_sort` VALUES (1282, 1132, '工具', 422, 10001, 2, 'green', 1);
INSERT INTO `nav_sort` VALUES (1283, 1134, '便民', 422, 10001, 3, 'green', 1);
INSERT INTO `nav_sort` VALUES (1284, 1136, '电子书', 424, 10001, 11, 'tongGreen', 1);
INSERT INTO `nav_sort` VALUES (1285, 1137, '杂志', 424, 10001, 13, 'tongGreen', 1);
INSERT INTO `nav_sort` VALUES (1286, 1138, '插件', 424, 10001, 14, 'tongGreen', 1);
INSERT INTO `nav_sort` VALUES (1287, 1139, '下载器', 424, 10001, 15, 'tongGreen', 1);
INSERT INTO `nav_sort` VALUES (1288, 1140, '常用', 425, 10001, 0, 'blue', 1);
INSERT INTO `nav_sort` VALUES (1289, 1141, '精品软件', 425, 10001, 1, 'blue', 1);
INSERT INTO `nav_sort` VALUES (1291, 1143, 'APP', 425, 10001, 2, 'blue', 1);
INSERT INTO `nav_sort` VALUES (1292, 1145, 'Win', 425, 10001, 5, 'blue', 1);
INSERT INTO `nav_sort` VALUES (1293, 1146, '精选', 426, 10001, 163, 'yellow', 1);
INSERT INTO `nav_sort` VALUES (1295, 1151, '儿童', 426, 10001, 168, 'yellow', 1);
INSERT INTO `nav_sort` VALUES (1297, 1156, '创投', 428, 10001, 1, 'blue', 1);
INSERT INTO `nav_sort` VALUES (1298, 1157, '找工作', 428, 10001, 0, 'blue', 1);
INSERT INTO `nav_sort` VALUES (1299, 1159, '统计', 428, 10001, 2, 'blue', 1);
INSERT INTO `nav_sort` VALUES (1300, 1160, '购物', 429, 10001, 2, 'orange', 1);
INSERT INTO `nav_sort` VALUES (1301, 1161, '社交', 429, 10001, 3, 'orange', 1);
INSERT INTO `nav_sort` VALUES (1302, 1162, '美食', 429, 10001, 6, 'orange', 1);
INSERT INTO `nav_sort` VALUES (1304, 1168, '百科', 431, 10001, 0, 'red', 1);
INSERT INTO `nav_sort` VALUES (1305, 1169, '在线教育', 431, 10001, 1, 'red', 1);
INSERT INTO `nav_sort` VALUES (1306, 1170, '纪录片', 431, 10001, 2, 'red', 1);
INSERT INTO `nav_sort` VALUES (1308, 1172, '视 频', 432, 10001, 14, 'green', 1);
INSERT INTO `nav_sort` VALUES (1309, 1173, '兴趣', 432, 10001, 28, 'green', 1);
INSERT INTO `nav_sort` VALUES (1310, 1174, '音 乐', 432, 10001, 144, 'green', 1);
INSERT INTO `nav_sort` VALUES (1311, 1175, '创意灵感', 433, 10001, 0, 'green', 1);
INSERT INTO `nav_sort` VALUES (1312, 1176, '素材', 433, 10001, 1, 'green', 1);
INSERT INTO `nav_sort` VALUES (1313, 1177, '设计', 433, 10001, 2, 'green', 1);
INSERT INTO `nav_sort` VALUES (1315, 1179, '资讯', 434, 10001, 7, 'kongquelan', 1);
INSERT INTO `nav_sort` VALUES (1317, 1181, '科技', 434, 10001, 146, 'kongquelan', 1);
INSERT INTO `nav_sort` VALUES (1319, 1183, '乐呵', 434, 10001, 150, 'kongquelan', 1);
INSERT INTO `nav_sort` VALUES (1570, 421, '搜索工具', NULL, 10000, 1, 'yellow', 0);
INSERT INTO `nav_sort` VALUES (1571, 422, '效率工具', NULL, 10000, 0, 'green', 0);
INSERT INTO `nav_sort` VALUES (1572, 424, '资源下载', NULL, 10000, 9, 'tongGreen', 0);
INSERT INTO `nav_sort` VALUES (1573, 425, '软件社区', NULL, 10000, 6, 'blue', 0);
INSERT INTO `nav_sort` VALUES (1574, 426, '其他导航', NULL, 10000, 8, 'yellow', 0);
INSERT INTO `nav_sort` VALUES (1575, 428, '工作领域', NULL, 10000, 2, 'blue', 0);
INSERT INTO `nav_sort` VALUES (1576, 429, '享受生活', NULL, 10000, 5, 'orange', 0);
INSERT INTO `nav_sort` VALUES (1577, 431, '学习成长', NULL, 10000, 4, 'red', 0);
INSERT INTO `nav_sort` VALUES (1578, 432, '自娱自乐', NULL, 10000, 7, 'green', 0);
INSERT INTO `nav_sort` VALUES (1579, 433, '媒体设计', NULL, 10000, 8, 'green', 0);
INSERT INTO `nav_sort` VALUES (1580, 434, '资讯阅读', NULL, 10000, 3, 'kongquelan', 0);
INSERT INTO `nav_sort` VALUES (1581, 1127, '专业搜', 421, 10000, 0, 'yellow', 0);
INSERT INTO `nav_sort` VALUES (1582, 1128, '学术', 421, 10000, 1, 'yellow', 0);
INSERT INTO `nav_sort` VALUES (1583, 1130, '云盘', 421, 10000, 3, 'yellow', 0);
INSERT INTO `nav_sort` VALUES (1584, 1131, '常用', 422, 10000, 0, 'green', 0);
INSERT INTO `nav_sort` VALUES (1585, 1132, '工具', 422, 10000, 2, 'green', 0);
INSERT INTO `nav_sort` VALUES (1586, 1134, '便民', 422, 10000, 3, 'green', 0);
INSERT INTO `nav_sort` VALUES (1587, 1136, '电子书', 424, 10000, 11, 'tongGreen', 0);
INSERT INTO `nav_sort` VALUES (1588, 1137, '杂志', 424, 10000, 13, 'tongGreen', 0);
INSERT INTO `nav_sort` VALUES (1589, 1138, '插件', 424, 10000, 14, 'tongGreen', 0);
INSERT INTO `nav_sort` VALUES (1590, 1139, '下载器', 424, 10000, 15, 'tongGreen', 0);
INSERT INTO `nav_sort` VALUES (1591, 1140, '常用', 425, 10000, 0, 'blue', 0);
INSERT INTO `nav_sort` VALUES (1592, 1141, '精品软件', 425, 10000, 1, 'blue', 0);
INSERT INTO `nav_sort` VALUES (1593, 1143, 'APP', 425, 10000, 2, 'blue', 0);
INSERT INTO `nav_sort` VALUES (1594, 1145, 'Win', 425, 10000, 5, 'blue', 0);
INSERT INTO `nav_sort` VALUES (1595, 1146, '精选', 426, 10000, 163, 'yellow', 0);
INSERT INTO `nav_sort` VALUES (1597, 1156, '创投', 428, 10000, 1, 'blue', 0);
INSERT INTO `nav_sort` VALUES (1598, 1157, '找工作', 428, 10000, 0, 'blue', 0);
INSERT INTO `nav_sort` VALUES (1599, 1159, '统计', 428, 10000, 2, 'blue', 0);
INSERT INTO `nav_sort` VALUES (1600, 1160, '购物', 429, 10000, 2, 'orange', 0);
INSERT INTO `nav_sort` VALUES (1601, 1161, '社交', 429, 10000, 3, 'orange', 0);
INSERT INTO `nav_sort` VALUES (1602, 1162, '美食', 429, 10000, 6, 'orange', 0);
INSERT INTO `nav_sort` VALUES (1603, 1168, '百科', 431, 10000, 0, 'red', 0);
INSERT INTO `nav_sort` VALUES (1604, 1169, '在线教育', 431, 10000, 1, 'red', 0);
INSERT INTO `nav_sort` VALUES (1605, 1170, '纪录片', 431, 10000, 2, 'red', 0);
INSERT INTO `nav_sort` VALUES (1606, 1172, '视 频', 432, 10000, 14, 'green', 0);
INSERT INTO `nav_sort` VALUES (1607, 1173, '兴趣', 432, 10000, 28, 'green', 0);
INSERT INTO `nav_sort` VALUES (1608, 1174, '音 乐', 432, 10000, 144, 'green', 0);
INSERT INTO `nav_sort` VALUES (1609, 1175, '创意灵感', 433, 10000, 0, 'green', 0);
INSERT INTO `nav_sort` VALUES (1610, 1176, '素材', 433, 10000, 1, 'green', 0);
INSERT INTO `nav_sort` VALUES (1611, 1177, '设计', 433, 10000, 2, 'green', 0);
INSERT INTO `nav_sort` VALUES (1612, 1179, '资讯', 434, 10000, 7, 'kongquelan', 0);
INSERT INTO `nav_sort` VALUES (1613, 1181, '科技', 434, 10000, 146, 'kongquelan', 0);
INSERT INTO `nav_sort` VALUES (1614, 1183, '乐呵', 434, 10000, 150, 'kongquelan', 0);
COMMIT;

-- ----------------------------
-- Table structure for nav_users
-- ----------------------------
DROP TABLE IF EXISTS `nav_users`;
CREATE TABLE `nav_users` (
  `uid` int(5) unsigned zerofill NOT NULL AUTO_INCREMENT,
  `uname` varchar(64) CHARACTER SET utf8 COLLATE utf8_unicode_ci DEFAULT NULL,
  `upwd` varchar(64) CHARACTER SET utf8 COLLATE utf8_unicode_ci DEFAULT NULL,
  `email` varchar(255) CHARACTER SET utf8 COLLATE utf8_unicode_ci DEFAULT NULL,
  `user_name` varchar(64) CHARACTER SET utf8 COLLATE utf8_unicode_ci DEFAULT NULL,
  `time` varchar(64) DEFAULT NULL,
  `login_time` varchar(64) DEFAULT NULL,
  `rid` int(2) DEFAULT '0',
  PRIMARY KEY (`uid`) USING BTREE,
  KEY `uname` (`uname`,`upwd`) USING BTREE,
  KEY `uid` (`uid`) USING BTREE
) ENGINE=InnoDB AUTO_INCREMENT=10064 DEFAULT CHARSET=utf8;

-- ----------------------------
-- Records of nav_users
-- ----------------------------
BEGIN;
INSERT INTO `nav_users` VALUES (10000, 'admin', 'c93ccd78b2076528346216b3b2f701e6', 'admin@admin.com', '超级管理员', '2021-12-29 14:38:31', '2021-12-29 14:40:48', 10000);
INSERT INTO `nav_users` VALUES (10001, 'guset', 'e10adc3949ba59abbe56e057f20f883e', 'guest@sina.com', 'guest', '2021-12-29 14:38:31', '2021-12-29 14:45:26', 10001);
COMMIT;

SET FOREIGN_KEY_CHECKS = 1;
